2025-12-19T08:30:19.101587,69
2025-12-19T08:37:25.235386,69
2025-12-19T08:58:47.447193,69
2025-12-19T09:48:49.677303,69
2025-12-19T10:51:02.872379,69
2025-12-19T11:34:53.392030,69
2025-12-19T11:52:17.656438,69
2025-12-19T13:48:52.683428,69
2025-12-19T14:48:07.067198,69
2025-12-19T15:44:45.482341,69
2025-12-19T15:58:13.383543,69
2025-12-19T16:56:04.474280,69
2025-12-19T17:34:54.861345,69
2025-12-19T17:53:04.040428,69
2025-12-19T18:58:03.259245,69
2025-12-19T19:30:36.997799,69
2025-12-19T19:44:41.278151,69
2025-12-19T19:55:35.355722,69
2025-12-19T20:42:43.296444,69
2025-12-19T20:56:48.553378,69
2025-12-19T21:35:30.803355,69
2025-12-19T21:52:39.427511,69
2025-12-19T22:42:43.988585,69
2025-12-19T22:53:41.515929,69
2025-12-19T23:35:24.546256,69
2025-12-19T23:52:14.012895,69
2025-12-20T03:43:54.676864,68
2025-12-20T04:45:20.000134,68
2025-12-20T04:58:28.846308,68
2025-12-20T05:42:42.466965,68
2025-12-20T05:55:28.387331,68
2025-12-20T06:57:22.185004,67
2025-12-20T07:34:03.709099,67
2025-12-20T07:52:22.963933,67
2025-12-20T08:50:29.206423,67
2025-12-20T09:36:08.794255,63
2025-12-20T09:52:40.496423,63
2025-12-20T10:42:37.566175,50
2025-12-20T11:30:07.797946,49
2025-12-20T11:43:20.006571,49
2025-12-20T11:54:15.033451,49
2025-12-20T13:22:59.490065,48
2025-12-20T13:47:48.165307,48
2025-12-20T14:39:33.994320,48
2025-12-20T14:52:17.003204,48
2025-12-20T15:36:25.109984,48
2025-12-20T15:52:47.581152,48
2025-12-20T16:01:51.519324,48
2025-12-20T16:46:07.783924,48
2025-12-20T16:57:52.550716,48
2025-12-20T17:35:01.030927,48
2025-12-20T17:53:11.486242,48
2025-12-20T18:51:26.445456,48
2025-12-20T19:28:45.160007,48
2025-12-20T19:41:39.332348,48
2025-12-20T19:53:00.111804,48
2025-12-20T20:38:44.843627,48
2025-12-20T20:52:42.852151,48
2025-12-20T21:32:43.753076,48
2025-12-20T21:52:04.161072,48
2025-12-20T22:39:51.402023,48
2025-12-20T22:52:26.305213,48
2025-12-20T23:33:53.539831,48
2025-12-20T23:52:44.924578,48
2025-12-21T03:58:27.661232,47
2025-12-21T04:59:32.355364,47
2025-12-21T05:44:58.062343,47
2025-12-21T05:54:57.404235,47
2025-12-21T06:58:16.086725,47
2025-12-21T07:35:14.845380,47
2025-12-21T07:52:50.722101,47
2025-12-21T08:50:41.854585,47
2025-12-21T09:37:18.888062,47
2025-12-21T09:52:34.369411,47
2025-12-21T10:43:47.356095,47
2025-12-21T10:54:58.127656,47
2025-12-21T11:31:46.057854,47
2025-12-21T11:44:14.779714,47
2025-12-21T11:55:42.150501,47
2025-12-21T13:37:04.211853,47
2025-12-21T13:52:55.222173,47
2025-12-21T14:40:47.502220,47
2025-12-21T14:52:14.386444,47
2025-12-21T15:36:00.633786,47
2025-12-21T15:52:32.186035,47
2025-12-21T16:48:12.783516,47
2025-12-21T17:36:35.388386,47
2025-12-21T17:52:39.765235,47
2025-12-21T18:55:23.577142,47
2025-12-21T19:29:34.842641,47
2025-12-21T19:42:36.775106,47
2025-12-21T19:54:12.957660,47
2025-12-21T20:41:25.252783,47
2025-12-21T20:53:31.421454,47
2025-12-21T21:33:46.594094,47
2025-12-21T21:52:08.486260,47
2025-12-21T22:41:58.417366,47
2025-12-21T22:52:41.577823,47
2025-12-21T23:35:08.963905,47
2025-12-21T23:52:56.392743,47
2025-12-22T02:40:17.501672,47
2025-12-22T04:02:13.161368,47
2025-12-22T05:03:03.232684,47
2025-12-22T05:51:04.166514,47
2025-12-22T07:02:54.619585,47
2025-12-22T07:46:21.272696,47
2025-12-22T08:58:42.854608,47
2025-12-22T09:54:27.354318,47
2025-12-22T10:49:34.739296,47
2025-12-22T11:33:49.663816,47
2025-12-22T11:52:51.425311,47
2025-12-22T13:49:15.208327,47
2025-12-22T14:45:44.293898,47
2025-12-22T14:57:37.064273,47
2025-12-22T15:44:06.171343,47
2025-12-22T15:57:30.239693,47
2025-12-22T16:56:10.203727,47
2025-12-22T17:41:06.998621,47
2025-12-22T17:52:58.058351,47
2025-12-22T18:59:45.767987,47
2025-12-22T19:32:23.084861,47
2025-12-22T19:52:32.280360,47
2025-12-22T20:43:09.155931,47
2025-12-22T20:57:38.222834,47
2025-12-22T21:35:24.764198,47
2025-12-22T21:52:29.807043,47
2025-12-22T22:44:02.893982,47
2025-12-22T22:55:36.671062,47
2025-12-22T23:36:12.917641,47
2025-12-22T23:52:32.589363,47
2025-12-23T03:56:41.341890,47
2025-12-23T05:02:29.072497,47
2025-12-23T05:52:12.998981,47
2025-12-23T07:02:06.180821,47
2025-12-23T07:45:10.266953,47
2025-12-23T07:56:30.146541,47
2025-12-23T08:58:41.932568,47
2025-12-23T09:49:42.221006,47
2025-12-23T10:51:16.245506,47
2025-12-23T11:35:11.962233,47
2025-12-23T11:52:57.958138,47
2025-12-23T13:51:07.206194,47
2025-12-23T14:48:35.183837,46
2025-12-23T15:43:29.487023,46
2025-12-23T15:58:23.485196,46
2025-12-23T16:57:53.682486,46
2025-12-23T17:44:13.356114,46
2025-12-23T17:55:12.850754,46
2025-12-23T18:59:51.984881,46
2025-12-23T19:32:26.549354,46
2025-12-23T19:52:38.912745,46
2025-12-23T20:42:29.424688,46
2025-12-23T20:56:15.426603,46
2025-12-23T21:35:05.717300,46
2025-12-23T21:52:21.601297,46
2025-12-23T22:41:51.064621,46
2025-12-23T22:53:06.834494,46
2025-12-23T23:35:38.260070,46
2025-12-23T23:52:35.958097,46
2025-12-24T03:53:56.797677,45
2025-12-24T05:01:28.607514,45
2025-12-24T05:51:39.899137,45
2025-12-24T07:02:17.629738,45
2025-12-24T07:45:02.814140,45
2025-12-24T07:56:50.372264,45
2025-12-24T08:58:57.416399,44
2025-12-24T09:46:18.203097,44
2025-12-24T10:47:29.617016,44
2025-12-24T11:33:52.556790,42
2025-12-24T11:52:37.481021,42
2025-12-24T13:45:01.117804,42
2025-12-24T13:58:14.379688,42
2025-12-24T14:44:12.201741,42
2025-12-24T14:55:29.907651,42
2025-12-24T15:41:57.573400,42
2025-12-24T15:55:44.823519,42
2025-12-24T16:52:48.053375,42
2025-12-24T17:38:41.222702,42
2025-12-24T17:52:47.790325,42
2025-12-24T18:58:24.604057,42
2025-12-24T19:29:56.666582,42
2025-12-24T19:44:58.647225,42
2025-12-24T19:55:06.274027,42
2025-12-24T20:42:43.648233,40
2025-12-24T20:55:34.317724,40
2025-12-24T21:34:50.457524,40
2025-12-24T21:52:01.243378,40
2025-12-24T22:42:35.484189,40
2025-12-24T22:53:53.412856,40
2025-12-24T22:55:58.370910,40
2025-12-24T23:35:41.873198,40
2025-12-24T23:41:56.348229,40
2025-12-24T23:53:00.896986,40
2025-12-25T03:56:07.937838,40
2025-12-25T05:02:21.369472,40
2025-12-25T05:50:58.517553,40
2025-12-25T07:00:29.346010,40
2025-12-25T07:40:51.019202,40
2025-12-25T07:52:18.091067,40
2025-12-25T08:56:20.059727,40
2025-12-25T09:48:25.692945,39
2025-12-25T10:00:36.410808,39
2025-12-25T10:53:24.080943,39
2025-12-25T11:37:46.797406,38
2025-12-25T11:57:59.087347,38
2025-12-25T13:51:17.341503,37
2025-12-25T14:03:27.376459,37
2025-12-25T14:49:08.704975,35
2025-12-25T15:00:55.157836,35
2025-12-25T15:58:33.778244,34
2025-12-25T16:52:46.833437,34
2025-12-25T17:42:30.126874,34
2025-12-25T17:52:40.774993,34
2025-12-25T19:01:21.977214,34
2025-12-25T19:29:49.542021,34
2025-12-25T19:44:19.072043,34
2025-12-25T19:55:35.232153,34
2025-12-25T20:42:46.589636,34
2025-12-25T20:56:28.389183,34
2025-12-25T21:34:55.028939,34
2025-12-25T21:52:40.772791,34
2025-12-25T22:42:05.382879,34
2025-12-25T22:53:57.999830,34
2025-12-25T23:35:54.044008,34
2025-12-25T23:52:47.337398,34
2025-12-26T03:53:10.706611,33
2025-12-26T04:59:55.061184,33
2025-12-26T05:47:38.560412,33
2025-12-26T07:00:53.731408,33
2025-12-26T07:40:40.585905,33
2025-12-26T07:53:03.449770,33
2025-12-26T08:55:55.471737,33
2025-12-26T09:42:51.986882,33
2025-12-26T09:54:45.841697,33
2025-12-26T10:52:26.700946,33
2025-12-26T11:39:06.472054,33
2025-12-26T11:58:08.720778,33
2025-12-26T13:52:31.296637,33
2025-12-26T14:03:53.429427,33
2025-12-26T14:42:43.865911,33
2025-12-26T14:50:39.100172,32
2025-12-26T15:01:54.730995,32
2025-12-26T15:41:37.293834,32
2025-12-26T15:54:05.834971,32
2025-12-26T16:50:23.251909,32
2025-12-26T17:38:05.020301,32
2025-12-26T17:52:46.095684,32
2025-12-26T18:55:53.818582,32
2025-12-26T19:30:19.570995,32
2025-12-26T19:43:57.722633,32
2025-12-26T19:54:58.144700,32
2025-12-26T20:41:30.028506,32
2025-12-26T20:53:51.188472,32
2025-12-26T21:34:36.423514,32
2025-12-26T21:52:31.656588,32
2025-12-26T22:42:22.477609,32
2025-12-26T22:54:24.983582,32
2025-12-26T23:36:29.366912,32
2025-12-26T23:53:00.892804,32
2025-12-27T03:50:17.259711,32
2025-12-27T04:58:18.706130,32
2025-12-27T05:45:41.966574,32
2025-12-27T05:56:31.923419,32
2025-12-27T06:58:35.024520,31
2025-12-27T07:34:34.401402,30
2025-12-27T07:52:38.983076,30
2025-12-27T08:54:12.750765,30
2025-12-27T09:38:06.051872,30
2025-12-27T09:52:52.509307,30
2025-12-27T10:43:24.689365,30
2025-12-27T10:53:52.054625,30
2025-12-27T11:30:46.230448,30
2025-12-27T11:44:20.712459,30
2025-12-27T11:55:20.001964,30
2025-12-27T13:43:07.627776,30
2025-12-27T13:58:31.892502,30
2025-12-27T14:45:39.916826,30
2025-12-27T14:58:12.335502,30
2025-12-27T15:41:48.937147,30
2025-12-27T15:58:02.454397,30
2025-12-27T16:55:14.348761,30
2025-12-27T17:42:11.366978,30
2025-12-27T17:58:03.505076,30
2025-12-27T18:59:19.816233,30
2025-12-27T19:29:13.269228,30
2025-12-27T19:43:04.499509,30
2025-12-27T19:54:32.686796,30
2025-12-27T20:41:35.453531,30
2025-12-27T20:53:43.479967,30
2025-12-27T21:34:18.641708,30
2025-12-27T21:52:49.239591,30
2025-12-27T22:42:06.327179,30
2025-12-27T22:53:11.492319,30
2025-12-27T23:35:11.375295,30
2025-12-27T23:52:49.606227,30
2025-12-28T00:21:07.126008,30
2025-12-28T04:17:33.373005,30
2025-12-28T05:42:12.640694,30
2025-12-28T05:56:56.708946,30
2025-12-28T06:59:11.185391,30
2025-12-28T07:37:03.425643,30
2025-12-28T07:52:24.340043,30
2025-12-28T08:53:05.529037,30
2025-12-28T09:39:19.307309,29
2025-12-28T09:52:45.231988,29
2025-12-28T10:45:19.615115,29
2025-12-28T10:55:51.937405,29
2025-12-28T11:33:13.598706,29
2025-12-28T11:53:04.167181,29
2025-12-28T13:40:36.258571,28
2025-12-28T13:55:42.250770,28
2025-12-28T14:41:58.647944,28
2025-12-28T14:54:06.155334,28
2025-12-28T15:38:17.318789,28
2025-12-28T15:53:05.847134,28
2025-12-28T16:52:00.905448,28
2025-12-28T17:41:06.162558,28
2025-12-28T17:52:10.523940,28
2025-12-28T18:56:04.476175,28
2025-12-28T19:31:01.546427,28
2025-12-28T19:44:09.021157,28
2025-12-28T19:55:40.182416,28
2025-12-28T20:43:21.147017,28
2025-12-28T20:56:23.234239,28
2025-12-28T21:33:44.605875,28
2025-12-28T21:52:39.981059,28
2025-12-28T22:43:20.224411,28
2025-12-28T22:54:51.526911,28
2025-12-28T23:36:05.051940,28
2025-12-28T23:52:33.196279,28
2025-12-29T04:19:43.507047,26
2025-12-29T05:48:55.516437,25
2025-12-29T07:03:48.160460,25
2025-12-29T07:48:51.357334,25
2025-12-29T09:01:09.857723,25
2025-12-29T09:56:13.442316,25
2025-12-29T10:52:20.572722,25
2025-12-29T11:35:17.848285,25
2025-12-29T11:52:11.803237,25
2025-12-29T13:52:24.331651,24
2025-12-29T14:49:29.642286,24
2025-12-29T15:45:06.474479,24
2025-12-29T15:58:16.143790,24
2025-12-29T16:55:03.569019,24
2025-12-29T17:42:25.282362,24
2025-12-29T17:53:07.250988,24
2025-12-29T18:56:31.899597,24
2025-12-29T19:30:28.948114,24
2025-12-29T19:44:41.584348,24
2025-12-29T19:55:59.201958,24
2025-12-29T20:46:19.400403,24
2025-12-29T21:35:46.080073,24
2025-12-29T21:52:14.932760,24
2025-12-29T22:42:29.929430,24
2025-12-29T22:54:08.321557,24
2025-12-29T23:35:19.832256,24
2025-12-29T23:52:29.343342,24
2025-12-30T03:58:01.704309,24
2025-12-30T05:03:53.343481,24
2025-12-30T05:51:02.761486,24
2025-12-30T07:01:49.175102,24
2025-12-30T07:47:46.735358,24
2025-12-30T07:59:50.504716,24
2025-12-30T09:04:04.391328,24
2025-12-30T09:55:05.577452,24
2025-12-30T10:56:25.328755,24
2025-12-30T11:40:16.419436,24
2025-12-30T11:58:17.152346,24
2025-12-30T13:56:23.191124,24
2025-12-30T14:49:16.788720,23
2025-12-30T15:44:00.607800,23
2025-12-30T15:58:50.218290,23
2025-12-30T16:57:40.408390,23
2025-12-30T17:44:31.085894,23
2025-12-30T17:55:41.912458,23
2025-12-30T18:59:14.553644,23
2025-12-30T19:31:37.904754,23
2025-12-30T19:44:55.980979,23
2025-12-30T19:56:16.022914,23
2025-12-30T20:44:49.965155,
2025-12-30T20:57:48.746576,23
2025-12-30T21:37:52.029122,23
2025-12-30T21:52:35.509221,23
2025-12-30T22:42:25.722254,23
2025-12-30T22:54:29.941621,23
2025-12-30T23:34:42.226954,23
2025-12-30T23:52:18.466693,22
2025-12-31T03:55:08.652593,21
2025-12-31T05:02:32.362151,21
2025-12-31T05:52:51.011288,21
2025-12-31T07:01:24.016449,21
2025-12-31T07:44:25.744190,21
2025-12-31T07:55:44.402757,21
2025-12-31T08:58:25.366527,21
2025-12-31T09:48:17.941175,21
2025-12-31T10:48:21.549503,21
2025-12-31T11:34:06.599301,20
2025-12-31T11:52:01.587934,20
2025-12-31T13:47:27.472670,18
2025-12-31T13:59:50.436494,18
2025-12-31T14:45:22.710317,18
2025-12-31T14:56:41.192266,18
2025-12-31T15:41:01.580182,18
2025-12-31T15:53:34.873369,18
2025-12-31T16:54:04.102788,18
2025-12-31T17:39:37.197247,18
2025-12-31T17:52:14.392007,18
2025-12-31T18:55:07.598026,18
2025-12-31T19:29:54.443911,18
2025-12-31T19:44:21.788257,18
2025-12-31T19:55:39.149213,18
2025-12-31T20:42:28.157410,18
2025-12-31T20:56:21.121922,18
2025-12-31T21:35:48.977558,18
2025-12-31T21:52:45.607856,18
2025-12-31T22:43:59.971409,18
2025-12-31T22:55:30.470016,18
2025-12-31T23:36:09.018112,18
2025-12-31T23:52:41.019476,18
2026-01-01T04:19:10.260309,18
2026-01-01T05:46:59.132506,18
2026-01-01T07:01:32.865614,18
2026-01-01T07:43:09.271664,18
2026-01-01T07:55:02.391052,18
2026-01-01T08:58:02.353247,18
2026-01-01T09:47:43.091770,18
2026-01-01T10:49:23.880099,18
2026-01-01T11:33:29.196887,18
2026-01-01T11:52:52.541384,18
2026-01-01T13:46:48.001575,18
2026-01-01T14:43:58.388465,18
2026-01-01T14:56:08.970375,18
2026-01-01T15:41:18.009930,18
2026-01-01T15:55:16.120197,18
2026-01-01T16:57:30.192032,18
2026-01-01T17:42:45.108233,18
2026-01-01T17:53:31.540562,18
2026-01-01T18:57:55.539819,18
2026-01-01T19:31:30.505731,18
2026-01-01T19:45:40.277157,18
2026-01-01T19:57:06.600219,18
2026-01-01T20:45:18.793672,18
2026-01-01T20:57:37.391604,18
2026-01-01T21:36:52.923445,18
2026-01-01T21:52:13.260430,18
2026-01-01T22:44:37.974362,18
2026-01-01T22:55:47.405516,18
2026-01-01T23:38:21.595373,18
2026-01-01T23:52:45.424449,18
2026-01-02T03:59:48.477320,18
2026-01-02T05:05:35.094869,18
2026-01-02T05:53:19.485753,18
2026-01-02T07:02:56.570678,18
2026-01-02T07:46:31.869785,17
2026-01-02T08:58:37.089753,17
2026-01-02T09:47:50.511308,17
2026-01-02T10:47:13.272188,16
2026-01-02T10:58:00.670929,16
2026-01-02T11:32:43.274170,16
2026-01-02T11:52:42.627572,16
2026-01-02T13:48:41.619401,15
2026-01-02T14:46:18.116604,15
2026-01-02T15:42:51.921872,15
2026-01-02T15:56:45.023449,15
2026-01-02T16:54:25.606508,15
2026-01-02T17:40:20.149777,15
2026-01-02T18:57:26.922489,15
2026-01-02T19:25:34.012392,15
2026-01-02T19:43:50.477732,15
2026-01-02T19:54:52.233053,15
2026-01-02T20:43:05.164323,15
2026-01-02T20:56:31.295215,15
2026-01-02T21:30:53.631536,15
2026-01-02T21:45:57.572889,15
2026-01-02T21:57:17.165867,15
2026-01-02T22:45:14.260360,15
2026-01-02T22:56:56.555163,15
2026-01-02T23:35:12.329433,15
2026-01-02T23:52:41.645106,15
2026-01-03T03:50:37.824599,13
2026-01-03T04:57:51.355703,12
2026-01-03T05:46:34.772753,12
2026-01-03T05:56:48.295767,12
2026-01-03T06:59:41.721426,12
2026-01-03T07:35:26.114840,11
2026-01-03T07:52:55.783115,11
2026-01-03T08:52:59.866110,11
2026-01-03T09:43:19.831228,11
2026-01-03T09:58:18.807798,11
2026-01-03T10:49:45.719519,11
2026-01-03T11:00:32.494384,11
2026-01-03T11:37:16.763343,11
2026-01-03T11:51:00.905886,11
2026-01-03T12:02:24.633480,11
2026-01-03T14:01:18.978755,11
2026-01-03T14:46:45.900012,11
2026-01-03T14:59:17.769166,11
2026-01-03T15:42:47.306187,11
2026-01-03T15:57:34.354774,11
2026-01-03T16:53:26.929775,11
2026-01-03T17:39:46.414650,11
2026-01-03T17:52:10.068280,11
2026-01-03T18:56:33.227476,11
2026-01-03T19:30:51.225694,11
2026-01-03T19:43:32.236109,11
2026-01-03T19:54:53.053681,11
2026-01-03T20:42:34.079234,11
2026-01-03T20:54:54.849785,11
2026-01-03T21:34:28.785409,11
2026-01-03T21:52:35.034570,11
2026-01-03T22:42:26.192733,11
2026-01-03T22:54:16.029364,11
2026-01-03T23:35:20.739249,11
2026-01-03T23:52:54.010667,11
2026-01-04T04:23:09.873928,11
2026-01-04T05:46:15.763408,11
2026-01-04T05:59:19.674007,10
2026-01-04T07:02:52.318461,10
2026-01-04T07:41:12.922404,10
2026-01-04T07:52:40.955239,10
2026-01-04T08:55:30.612949,10
2026-01-04T09:39:13.274556,10
2026-01-04T09:53:05.884583,10
2026-01-04T10:44:27.508478,9
2026-01-04T10:56:10.679191,9
2026-01-04T11:31:56.398749,9
2026-01-04T11:45:09.384101,9
2026-01-04T11:56:19.449738,9
2026-01-04T13:45:34.016412,9
2026-01-04T14:47:06.893020,9
2026-01-04T15:00:03.821930,9
2026-01-04T15:42:59.084230,9
2026-01-04T15:58:35.592367,9
2026-01-04T16:56:00.818301,8
2026-01-04T17:58:13.165747,8
2026-01-04T19:00:38.470415,8
2026-01-04T19:31:08.447981,8
2026-01-04T19:44:54.003211,8
2026-01-04T19:55:16.217244,8
2026-01-04T20:43:44.461112,8
2026-01-04T20:55:59.947933,8
2026-01-04T21:34:36.854713,8
2026-01-04T21:52:49.906675,8
2026-01-04T22:44:35.106479,
2026-01-04T22:56:32.498168,
2026-01-04T23:38:05.409408,
2026-01-04T23:53:56.694640,
2026-01-05T04:43:10.511145,
2026-01-05T06:02:12.672173,
2026-01-05T07:43:50.914855,
2026-01-05T07:59:33.867240,
2026-01-05T09:04:23.611460,
2026-01-05T10:00:30.930938,
2026-01-05T10:56:27.869903,
2026-01-05T11:39:32.855048,
2026-01-05T11:53:58.578300,
2026-01-05T13:55:13.836678,
2026-01-05T14:58:03.587533,
2026-01-05T15:53:03.459290,
2026-01-05T16:58:42.049419,
2026-01-05T17:50:06.626836,
2026-01-05T19:02:00.431618,
2026-01-05T19:38:39.966879,
2026-01-05T19:53:42.570366,
2026-01-05T20:49:52.473310,
2026-01-05T21:42:14.758742,
2026-01-05T21:54:57.898075,
2026-01-05T22:48:30.004868,
2026-01-05T23:39:18.316508,
2026-01-05T23:52:55.808482,
2026-01-06T03:59:17.020848,
2026-01-06T05:04:12.038126,
2026-01-06T05:54:05.117819,
2026-01-06T07:04:35.759123,
2026-01-06T07:49:47.623080,
2026-01-06T09:01:18.307233,
2026-01-06T09:53:36.013156,
2026-01-06T10:54:26.115691,
2026-01-06T11:35:22.770441,
2026-01-06T11:54:08.250048,
2026-01-06T13:53:19.430928,
2026-01-06T14:54:30.836503,
2026-01-06T15:48:13.112068,
2026-01-06T17:01:28.625979,
2026-01-06T17:50:41.811907,
2026-01-06T18:57:50.269902,
2026-01-06T19:33:15.414564,
2026-01-06T19:54:15.007632,
2026-01-06T20:46:56.540560,
2026-01-06T21:41:25.566920,
2026-01-06T21:55:15.466013,
2026-01-06T22:49:14.483306,
2026-01-06T23:39:17.101231,
2026-01-06T23:52:41.308656,
2026-01-07T03:58:56.396283,
2026-01-07T05:05:25.734556,
2026-01-07T05:54:01.043795,
2026-01-07T07:03:24.859922,
2026-01-07T07:50:04.890783,
2026-01-07T09:02:53.812585,
2026-01-07T10:54:03.365532,
2026-01-07T11:38:36.443969,
2026-01-07T11:53:53.811182,
2026-01-07T13:53:48.459683,
2026-01-07T14:56:15.435454,
2026-01-07T15:54:06.055005,
2026-01-07T17:03:11.300607,
2026-01-07T17:55:05.892354,
2026-01-07T19:01:57.833404,
2026-01-07T19:39:09.890069,
2026-01-07T19:53:54.251086,
2026-01-07T20:51:57.303516,
2026-01-07T21:39:43.815925,
2026-01-07T21:54:49.489043,
2026-01-07T22:46:45.347395,
2026-01-07T23:39:09.844682,
2026-01-07T23:53:33.681029,
2026-01-08T03:56:28.135142,
2026-01-08T05:03:07.585895,
2026-01-08T05:54:18.027045,
2026-01-08T07:01:35.057402,
2026-01-08T07:48:00.567821,
2026-01-08T09:00:55.539836,
2026-01-08T09:54:26.851751,
2026-01-08T10:54:40.580191,
2026-01-08T11:39:42.791416,
2026-01-08T11:55:10.251722,
2026-01-08T13:54:46.030997,
2026-01-08T14:57:21.924660,
2026-01-08T15:54:30.959129,
2026-01-08T17:04:03.918369,
2026-01-08T17:59:32.036669,
2026-01-08T18:59:24.488262,
2026-01-08T19:36:39.484663,
2026-01-08T19:53:14.419064,
2026-01-08T20:49:15.273617,
2026-01-08T21:42:03.903473,
2026-01-08T21:54:55.032921,
2026-01-08T22:49:03.775081,
2026-01-08T23:33:18.105486,
2026-01-08T23:53:46.028287,
2026-01-09T03:58:58.052652,
2026-01-09T05:03:55.197948,
2026-01-09T05:53:58.829730,
2026-01-09T07:04:02.537826,
2026-01-09T07:48:27.917338,100
2026-01-09T09:00:53.693424,100
2026-01-09T09:55:57.850480,100
2026-01-09T10:53:18.393013,100
2026-01-09T11:36:37.897317,100
2026-01-09T11:53:20.714538,100
2026-01-09T13:56:38.707595,100
2026-01-09T14:58:53.943974,100
2026-01-09T15:54:38.883086,100
2026-01-09T17:04:58.459558,100
2026-01-09T17:55:29.032532,100
2026-01-09T19:05:04.735134,100
2026-01-09T19:35:39.457278,100
2026-01-09T19:52:10.667787,100
2026-01-09T20:48:35.598616,100
2026-01-09T21:39:47.248529,100
2026-01-09T21:53:09.128160,100
2026-01-09T22:45:20.416205,100
2026-01-09T22:57:30.976584,100
2026-01-09T23:38:57.877208,100
2026-01-09T23:53:27.524565,100
2026-01-10T03:51:01.403043,100
2026-01-10T04:59:35.349869,100
2026-01-10T05:45:08.093551,100
2026-01-10T05:55:41.035159,100
2026-01-10T06:57:29.725900,100
2026-01-10T07:33:52.897088,100
2026-01-10T07:52:44.804620,100
2026-01-10T08:52:25.676242,100
2026-01-10T09:43:37.877570,100
2026-01-10T09:57:16.973055,100
2026-01-10T10:49:24.755501,100
2026-01-10T11:00:43.833062,100
2026-01-10T11:36:46.216977,100
2026-01-10T11:50:36.975593,100
2026-01-10T12:01:27.018864,100
2026-01-10T13:44:34.506921,100
2026-01-10T13:59:37.483252,100
2026-01-10T14:46:37.577773,100
2026-01-10T14:59:13.707300,100
2026-01-10T15:43:12.933819,100
2026-01-10T15:57:58.047109,100
2026-01-10T16:49:58.812249,100
2026-01-10T17:38:24.576824,100
2026-01-10T17:52:39.485931,100
2026-01-10T18:55:00.797855,100
2026-01-10T19:30:56.939013,100
2026-01-10T19:43:58.241485,100
2026-01-10T19:55:24.300194,100
2026-01-10T20:41:35.180074,100
2026-01-10T20:55:04.732948,100
2026-01-10T21:34:33.841725,100
2026-01-10T21:52:20.425356,100
2026-01-10T22:42:36.594295,100
2026-01-10T22:53:57.867350,100
2026-01-10T23:35:55.286113,100
2026-01-10T23:52:52.550951,100
2026-01-11T04:20:22.798481,100
2026-01-11T05:44:18.687886,100
2026-01-11T05:58:31.998632,100
2026-01-11T07:00:50.572442,100
2026-01-11T07:39:51.878356,100
2026-01-11T07:52:05.593415,98
2026-01-11T08:53:12.704083,98
2026-01-11T09:45:41.916465,98
2026-01-11T09:58:10.921471,98
2026-01-11T10:51:51.192962,98
2026-01-11T11:01:34.468111,98
2026-01-11T11:37:20.818254,96
2026-01-11T11:57:58.891285,96
2026-01-11T13:46:07.878393,96
2026-01-11T14:01:43.765377,96
2026-01-11T14:46:36.049384,96
2026-01-11T14:59:11.463671,96
2026-01-11T15:38:51.003887,96
2026-01-11T15:52:46.580421,96
2026-01-11T16:52:03.735259,96
2026-01-11T17:39:06.909017,96
2026-01-11T17:52:27.188968,96
2026-01-11T18:56:00.272997,96
2026-01-11T19:30:34.913142,96
2026-01-11T19:44:09.630861,96
2026-01-11T19:55:04.407897,96
2026-01-11T20:42:53.728931,96
2026-01-11T20:56:01.850915,96
2026-01-11T21:34:55.139742,96
2026-01-11T21:52:13.363692,96
2026-01-11T22:42:38.162823,96
2026-01-11T22:55:03.017541,96
2026-01-11T23:36:13.646103,96
2026-01-11T23:52:54.694885,96
2026-01-12T04:21:06.285434,
2026-01-12T05:50:14.009909,96
2026-01-12T07:06:05.004383,96
2026-01-12T07:51:59.019677,96
2026-01-12T09:03:36.451612,96
2026-01-12T09:59:26.444691,96
2026-01-12T10:56:03.100460,96
2026-01-12T11:39:20.088271,96
2026-01-12T11:54:20.582287,96
2026-01-12T13:55:45.009326,96
2026-01-12T14:59:18.336328,96
2026-01-12T15:54:51.914484,96
2026-01-12T16:59:42.206141,96
2026-01-12T17:46:22.392968,96
2026-01-12T19:01:09.258511,96
2026-01-12T19:43:33.298309,96
2026-01-12T19:54:17.791275,96
2026-01-12T20:49:16.135100,96
2026-01-12T21:40:31.055418,96
2026-01-12T21:54:03.009021,96
2026-01-12T22:41:57.585598,96
2026-01-12T22:55:16.330843,96
2026-01-12T23:31:05.299944,96
2026-01-12T23:47:34.271718,96
2026-01-13T03:56:06.936344,96
2026-01-13T05:04:06.011976,96
2026-01-13T05:52:47.752029,96
2026-01-13T07:02:11.435056,96
2026-01-13T07:48:02.979186,96
2026-01-13T09:00:48.324433,96
2026-01-13T09:54:18.579814,96
2026-01-13T10:54:29.940152,96
2026-01-13T11:40:10.145412,96
2026-01-13T11:54:34.727838,96
2026-01-13T13:55:24.171038,96
2026-01-13T14:58:03.414353,96
2026-01-13T15:54:58.991970,96
2026-01-13T17:03:56.439117,96
2026-01-13T17:57:23.761584,96
2026-01-13T18:59:56.510676,96
2026-01-13T19:35:25.243347,96
2026-01-13T20:50:45.787992,96
2026-01-13T21:42:02.486286,96
2026-01-13T21:56:51.154032,96
2026-01-13T22:50:36.015936,96
2026-01-13T23:33:30.024670,96
2026-01-13T23:54:21.836602,96
2026-01-14T04:16:14.724107,96
2026-01-14T05:06:56.477058,96
2026-01-14T05:54:29.435893,96
2026-01-14T07:02:06.871037,96
2026-01-14T07:50:32.159252,96
2026-01-14T09:02:11.374010,96
2026-01-14T09:56:53.434762,95
2026-01-14T10:55:56.149151,94
2026-01-14T11:25:26.167109,94
2026-01-14T11:45:17.070921,94
2026-01-14T11:57:30.393152,
2026-01-14T12:56:48.282891,94
2026-01-14T13:43:39.931201,94
2026-01-14T14:03:46.928452,94
2026-01-14T14:46:27.995734,94
2026-01-14T15:03:35.165646,94
2026-01-14T15:40:03.382189,94
2026-01-14T15:57:44.985940,94
2026-01-14T16:39:29.326882,94
2026-01-14T17:04:58.620380,94
2026-01-14T17:45:03.268133,94
2026-01-14T17:59:44.478226,94
2026-01-14T18:48:22.009406,94
2026-01-14T19:22:45.502201,94
2026-01-14T19:43:07.737140,94
2026-01-14T19:54:56.612349,94
2026-01-14T20:26:04.094510,94
2026-01-14T20:47:01.664180,94
2026-01-14T21:26:10.706301,94
2026-01-14T21:46:45.618910,94
2026-01-14T22:26:56.433761,94
2026-01-14T22:49:41.372820,94
2026-01-14T23:21:28.494015,94
2026-01-14T23:41:57.388640,94
2026-01-14T23:53:31.654012,94
2026-01-15T01:55:50.504702,94
2026-01-15T03:44:37.638875,94
2026-01-15T04:31:23.121202,94
2026-01-15T05:02:09.411587,94
2026-01-15T05:44:50.603010,94
2026-01-15T05:58:42.443979,94
2026-01-15T06:48:01.180621,94
2026-01-15T07:29:10.308336,94
2026-01-15T07:48:12.640036,94
2026-01-15T08:36:07.493656,94
2026-01-15T09:02:51.885697,94
2026-01-15T09:44:12.300834,94
2026-01-15T09:59:35.561637,94
2026-01-15T10:36:24.153750,94
2026-01-15T10:58:27.726197,94
2026-01-15T11:28:50.454135,94
2026-01-15T11:46:18.868123,94
2026-01-15T11:57:38.955949,94
2026-01-15T12:58:12.633841,94
2026-01-15T13:46:34.703089,93
2026-01-15T14:03:43.374965,93
2026-01-15T14:44:55.066792,93
2026-01-15T15:01:49.191557,93
2026-01-15T15:44:11.018179,93
2026-01-15T16:05:30.406775,93
2026-01-15T16:55:49.021030,93
2026-01-15T17:36:02.378374,93
2026-01-15T18:03:36.146755,93
2026-01-15T18:56:36.653661,93
2026-01-15T19:28:03.748629,93
2026-01-15T19:48:32.224466,93
2026-01-15T20:30:23.269444,93
2026-01-15T20:52:29.631392,93
2026-01-15T21:25:58.101936,93
2026-01-15T21:45:22.355631,93
2026-01-15T21:57:22.869866,93
2026-01-15T22:27:57.775092,93
2026-01-15T22:48:56.107686,93
2026-01-15T23:25:12.510190,93
2026-01-15T23:44:06.614222,93
2026-01-15T23:55:41.210831,93
2026-01-16T01:57:06.275129,92
2026-01-16T03:43:49.430444,92
2026-01-16T04:29:22.617438,92
2026-01-16T05:00:09.628086,92
2026-01-16T05:35:57.011715,92
2026-01-16T05:56:31.054710,92
2026-01-16T06:39:40.753961,92
2026-01-16T07:03:35.667687,92
2026-01-16T07:38:47.494443,92
2026-01-16T07:54:30.266263,92
2026-01-16T08:35:04.192154,92
2026-01-16T09:01:37.172485,92
2026-01-16T09:42:27.018243,92
2026-01-16T09:57:36.871408,92
2026-01-16T10:32:02.785279,92
2026-01-16T10:57:51.622353,92
2026-01-16T11:27:05.300368,92
2026-01-16T11:44:36.609917,92
2026-01-16T11:55:33.830106,92
2026-01-16T12:52:01.091532,92
2026-01-16T13:40:32.458781,92
2026-01-16T14:00:52.373498,92
2026-01-16T14:36:04.806108,92
2026-01-16T14:59:40.827535,92
2026-01-16T15:34:42.098474,92
2026-01-16T16:38:37.594600,92
2026-01-16T17:02:34.365952,92
2026-01-16T17:41:17.419719,92
2026-01-16T18:39:04.289909,92
2026-01-16T19:02:33.090358,92
2026-01-16T19:30:49.912117,92
2026-01-16T19:43:26.320816,92
2026-01-16T19:54:58.655022,92
2026-01-16T20:25:43.309618,92
2026-01-16T20:45:25.442110,92
2026-01-16T20:57:26.464085,92
2026-01-16T21:27:22.980964,92
2026-01-16T21:45:38.276863,92
2026-01-16T21:56:56.007665,92
2026-01-16T22:26:19.719036,92
2026-01-16T22:47:41.903183,92
2026-01-16T23:23:40.143027,92
2026-01-16T23:44:01.914693,92
2026-01-16T23:54:57.789282,92
2026-01-17T01:51:03.934738,92
2026-01-17T03:25:35.841752,92
2026-01-17T04:08:07.444305,92
2026-01-17T04:46:20.702025,92
2026-01-17T05:23:31.790327,92
2026-01-17T05:44:56.504946,92
2026-01-17T05:56:28.957090,92
2026-01-17T06:36:19.304364,91
2026-01-17T06:59:06.058503,91
2026-01-17T07:27:55.045870,91
2026-01-17T07:42:52.734897,91
2026-01-17T07:54:16.528577,91
2026-01-17T08:30:15.204127,91
2026-01-17T08:52:14.523978,91
2026-01-17T09:23:53.071806,91
2026-01-17T09:42:51.513096,91
2026-01-17T09:53:44.593508,91
2026-01-17T10:24:04.346298,91
2026-01-17T10:45:43.204434,91
2026-01-17T10:56:38.210397,91
2026-01-17T11:20:55.674396,91
2026-01-17T11:40:17.397774,91
2026-01-17T11:52:30.135619,91
2026-01-17T12:44:40.242437,91
2026-01-17T13:20:48.490339,91
2026-01-17T13:46:46.493342,90
2026-01-17T14:21:42.173319,90
2026-01-17T14:44:19.536634,90
2026-01-17T14:55:46.974234,90
2026-01-17T15:23:00.997231,90
2026-01-17T15:42:43.473231,90
2026-01-17T15:54:16.948158,90
2026-01-17T16:27:17.257255,90
2026-01-17T16:48:15.703667,90
2026-01-17T17:20:14.150976,90
2026-01-17T17:42:06.896377,90
2026-01-17T17:53:24.048337,90
2026-01-17T18:32:43.410150,90
2026-01-17T18:57:27.489545,90
2026-01-17T19:21:04.270107,90
2026-01-17T19:39:31.618846,90
2026-01-17T19:52:28.448010,90
2026-01-17T20:25:38.424012,90
2026-01-17T20:44:32.518922,90
2026-01-17T20:56:04.774126,90
2026-01-17T21:21:12.451199,90
2026-01-17T21:41:17.997277,90
2026-01-17T21:52:44.265996,90
2026-01-17T22:22:52.274501,90
2026-01-17T22:44:54.577982,90
2026-01-17T22:56:19.059396,90
2026-01-17T23:22:53.774967,90
2026-01-17T23:42:09.352237,90
2026-01-17T23:53:35.784414,90
2026-01-18T02:03:34.326348,90
2026-01-18T03:54:14.826510,87
2026-01-18T04:44:45.188353,87
2026-01-18T05:04:19.548989,87
2026-01-18T05:39:59.225863,87
2026-01-18T05:54:52.813168,87
2026-01-18T06:35:38.217524,87
2026-01-18T07:29:10.024226,87
2026-01-18T07:43:41.252381,87
2026-01-18T07:54:37.241503,87
2026-01-18T08:30:50.453893,87
2026-01-18T08:53:14.235770,87
2026-01-18T09:24:25.788244,87
2026-01-18T09:43:30.573629,87
2026-01-18T09:54:55.159963,87
2026-01-18T10:25:00.457358,87
2026-01-18T10:46:14.112360,87
2026-01-18T11:19:32.243389,87
2026-01-18T11:40:06.495676,87
2026-01-18T11:52:30.504786,87
2026-01-18T12:45:18.740059,87
2026-01-18T13:20:48.801669,87
2026-01-18T13:47:25.443159,87
2026-01-18T14:21:24.118215,87
2026-01-18T14:43:38.605626,87
2026-01-18T14:55:11.944236,87
2026-01-18T15:22:41.142865,87
2026-01-18T15:42:20.131707,87
2026-01-18T16:28:49.456327,87
2026-01-18T16:50:23.558889,87
2026-01-18T17:20:24.911704,87
2026-01-18T17:43:21.432071,87
2026-01-18T17:54:23.974054,87
2026-01-18T18:31:54.176049,87
2026-01-18T18:57:08.689277,87
2026-01-18T19:20:50.847997,87
2026-01-18T19:39:31.946766,87
2026-01-18T19:52:05.162341,87
2026-01-18T20:26:34.786966,87
2026-01-18T20:45:48.612141,87
2026-01-18T20:57:18.189869,87
2026-01-18T21:24:31.433078,87
2026-01-18T21:41:57.774172,87
2026-01-18T21:53:27.621757,87
2026-01-18T22:22:55.505708,87
2026-01-18T22:45:07.605147,87
2026-01-18T22:56:37.460817,87
2026-01-18T23:24:28.399609,87
2026-01-18T23:42:38.958057,87
2026-01-18T23:53:37.768645,87
2026-01-19T02:01:44.306609,87
2026-01-19T03:59:18.781375,87
2026-01-19T04:58:14.693632,87
2026-01-19T05:39:22.372086,87
2026-01-19T06:00:29.062698,87
2026-01-19T06:54:46.484788,87
2026-01-19T07:31:37.266256,87
2026-01-19T07:57:17.996771,87
2026-01-19T08:41:36.303367,87
2026-01-19T09:05:43.536406,87
2026-01-19T09:50:54.436534,87
2026-01-19T10:33:21.777150,87
2026-01-19T11:01:11.784906,87
2026-01-19T11:35:56.941621,87
2026-01-19T11:55:06.078146,87
2026-01-19T12:56:04.508988,87
2026-01-19T13:49:40.197012,87
2026-01-19T14:30:56.216696,87
2026-01-19T14:57:17.271633,87
2026-01-19T15:33:23.168034,87
2026-01-19T15:59:03.263660,87
2026-01-19T16:41:05.793584,87
2026-01-19T17:02:44.291202,87
2026-01-19T17:40:07.608699,87
2026-01-19T17:56:17.183512,87
2026-01-19T18:37:10.924329,87
2026-01-19T19:01:42.613548,87
2026-01-19T19:31:35.643069,87
2026-01-19T19:52:46.497178,87
2026-01-19T20:28:32.604735,87
2026-01-19T20:48:44.303087,87
2026-01-19T21:25:32.510662,87
2026-01-19T21:44:06.928474,87
2026-01-19T21:55:19.077976,87
2026-01-19T22:25:11.055503,87
2026-01-19T22:47:51.947570,87
2026-01-19T23:24:05.712836,87
2026-01-19T23:44:26.555428,87
2026-01-19T23:55:53.322102,87
2026-01-20T01:57:02.720123,87
2026-01-20T03:48:24.815870,87
2026-01-20T04:49:21.681709,86
2026-01-20T05:32:10.163866,86
2026-01-20T05:59:18.985624,86
2026-01-20T06:51:51.745816,86
2026-01-20T07:30:56.019267,86
2026-01-20T07:52:22.281770,86
2026-01-20T08:37:16.595462,
2026-01-20T09:06:32.600546,86
2026-01-20T09:48:42.970133,86
2026-01-20T10:32:10.699354,86
2026-01-20T11:01:46.079336,86
2026-01-20T11:36:42.831591,86
2026-01-20T11:55:46.411735,86
2026-01-20T12:56:26.691123,86
2026-01-20T13:51:18.562010,86
2026-01-20T14:35:04.487258,86
2026-01-20T15:04:18.743039,86
2026-01-20T15:48:06.692770,86
2026-01-20T16:39:48.019176,86
2026-01-20T17:06:14.633300,86
2026-01-20T17:47:55.062899,86
2026-01-20T18:41:23.017414,86
2026-01-20T19:59:12.665704,86
2026-01-20T20:46:27.516755,86
2026-01-20T21:24:31.204795,86
2026-01-20T21:44:34.581761,86
2026-01-20T21:55:58.374634,86
2026-01-20T22:26:34.591197,86
2026-01-20T22:46:35.568718,86
2026-01-20T23:26:42.814514,86
2026-01-20T23:46:31.876877,86
2026-01-21T01:59:12.023039,86
2026-01-21T03:50:11.643874,86
2026-01-21T04:48:26.490568,86
2026-01-21T05:32:06.218206,86
2026-01-21T05:58:18.269259,86
2026-01-21T06:51:31.103857,86
2026-01-21T07:31:37.675960,86
2026-01-21T07:57:27.820740,86
2026-01-21T08:40:27.801247,86
2026-01-21T09:04:33.844269,86
2026-01-21T09:48:16.864615,86
2026-01-21T10:33:08.976499,86
2026-01-21T11:02:28.463531,86
2026-01-21T11:38:11.007130,86
2026-01-21T11:55:48.128225,86
2026-01-21T12:56:12.758051,86
2026-01-21T13:50:17.191492,86
2026-01-21T14:34:58.320695,86
2026-01-21T15:04:45.797363,86
2026-01-21T15:49:55.446468,86
2026-01-21T16:54:47.036144,86
2026-01-21T17:56:59.661374,86
2026-01-21T18:51:16.281806,86
2026-01-21T19:30:03.231850,86
2026-01-21T19:55:33.180727,86
2026-01-21T20:35:15.958441,86
2026-01-21T21:04:14.778227,86
2026-01-21T21:45:12.954874,86
2026-01-21T22:00:52.699610,86
2026-01-21T22:37:59.111736,86
2026-01-21T23:00:14.343693,86
2026-01-21T23:35:31.453287,86
2026-01-21T23:57:33.267650,86
2026-01-22T02:22:19.619863,86
2026-01-22T03:59:20.856619,85
2026-01-22T04:55:26.364538,85
2026-01-22T05:31:36.319849,85
2026-01-22T05:59:05.387412,85
2026-01-22T06:50:05.439151,85
2026-01-22T07:30:30.804242,85
2026-01-22T07:51:33.803410,85
2026-01-22T08:36:51.051203,85
2026-01-22T09:07:09.959168,85
2026-01-22T09:48:22.834400,85
2026-01-22T10:31:57.956216,85
2026-01-22T11:01:28.577566,85
2026-01-22T11:36:18.111123,85
2026-01-22T11:56:07.057901,85
2026-01-22T12:56:10.216000,85
2026-01-22T13:50:58.068525,85
2026-01-22T14:35:18.906422,85
2026-01-22T15:03:45.232729,85
2026-01-22T15:48:29.255752,85
2026-01-22T16:39:25.141891,85
2026-01-22T17:15:35.254353,85
2026-01-22T17:48:55.866632,85
2026-01-22T18:37:50.758867,85
2026-01-22T19:05:21.675504,85
2026-01-22T19:36:45.510152,85
2026-01-22T19:55:32.719160,85
2026-01-22T20:31:47.603633,85
2026-01-22T20:59:38.526750,85
2026-01-22T21:33:46.923545,85
2026-01-22T21:56:55.624392,85
2026-01-22T22:29:03.577042,85
2026-01-22T22:51:57.557857,85
2026-01-22T23:25:09.389946,85
2026-01-22T23:45:04.137591,86
2026-01-22T23:56:52.340441,86
2026-01-23T02:04:17.706316,86
2026-01-23T03:51:10.710334,86
2026-01-23T04:46:37.252263,86
2026-01-23T05:30:53.086996,86
2026-01-23T05:53:28.723981,86
2026-01-23T06:39:18.689383,86
2026-01-23T07:04:18.335673,86
2026-01-23T07:39:45.386813,86
2026-01-23T07:54:23.991117,86
2026-01-23T08:34:59.184952,86
2026-01-23T09:03:10.410410,86
2026-01-23T09:45:34.835768,86
2026-01-23T10:00:06.121362,86
2026-01-23T10:37:45.490503,86
2026-01-23T10:59:48.166143,86
2026-01-23T11:30:46.061863,86
2026-01-23T11:47:58.654033,86
2026-01-23T12:54:00.992103,86
2026-01-23T13:45:46.823889,86
2026-01-23T14:13:32.704485,86
2026-01-23T14:46:56.286560,86
2026-01-23T15:29:30.066753,86
2026-01-23T15:53:29.762319,86
2026-01-23T16:35:02.763595,84
2026-01-23T17:04:42.351320,84
2026-01-23T17:39:43.313281,84
2026-01-23T17:56:12.064855,84
2026-01-23T18:38:38.899438,84
2026-01-23T19:04:35.283399,84
2026-01-23T19:34:39.496139,84
2026-01-23T19:53:22.388527,84
2026-01-23T20:29:58.567461,84
2026-01-23T20:51:58.919122,84
2026-01-23T21:25:10.095651,84
2026-01-23T21:45:05.695316,84
2026-01-23T21:56:32.827157,84
2026-01-23T22:22:39.867558,84
2026-01-23T22:45:47.101408,84
2026-01-23T22:57:17.341383,84
2026-01-23T23:27:59.566958,85
2026-01-23T23:46:04.247035,85
2026-01-23T23:57:20.360956,85
2026-01-24T02:05:21.003496,85
2026-01-24T03:44:36.923194,85
2026-01-24T04:23:22.348225,85
2026-01-24T04:56:17.326554,85
2026-01-24T05:25:17.699053,85
2026-01-24T05:46:27.886253,85
2026-01-24T06:36:00.380821,85
2026-01-24T07:00:13.833225,85
2026-01-24T07:29:14.715828,85
2026-01-24T07:43:56.549820,85
2026-01-24T07:54:47.638268,85
2026-01-24T08:30:50.880530,85
2026-01-24T08:53:29.582900,85
2026-01-24T09:24:20.904973,85
2026-01-24T09:43:37.935612,85
2026-01-24T09:54:30.947274,85
2026-01-24T10:25:04.401875,85
2026-01-24T10:46:48.538264,85
2026-01-24T11:20:39.762410,85
2026-01-24T11:40:56.902724,81
2026-01-24T11:52:33.732668,81
2026-01-24T12:46:47.634440,81
2026-01-24T13:33:08.587327,81
2026-01-24T13:54:43.183365,81
2026-01-24T14:22:35.501850,81
2026-01-24T14:45:14.799665,81
2026-01-24T14:56:56.860485,81
2026-01-24T15:25:38.588797,81
2026-01-24T15:43:20.507413,81
2026-01-24T15:54:59.683027,81
2026-01-24T16:28:48.979470,81
2026-01-24T16:51:12.882634,81
2026-01-24T17:20:48.973245,81
2026-01-24T17:42:56.896896,81
2026-01-24T17:54:03.535302,81
2026-01-24T18:34:04.641534,81
2026-01-24T18:59:01.305785,81
2026-01-24T19:24:30.747786,81
2026-01-24T19:39:28.957483,81
2026-01-24T20:25:56.463506,81
2026-01-24T20:44:29.383031,81
2026-01-24T20:55:25.206772,81
2026-01-24T21:21:11.047384,81
2026-01-24T21:41:17.800398,81
2026-01-24T21:52:25.126123,81
2026-01-24T22:22:50.176909,81
2026-01-24T22:45:18.567976,81
2026-01-24T22:56:06.968135,81
2026-01-24T23:22:44.315885,79
2026-01-24T23:42:32.181331,79
2026-01-24T23:54:05.283101,79
2026-01-25T02:07:04.296591,79
2026-01-25T04:02:06.772747,79
2026-01-25T05:01:51.380561,79
2026-01-25T05:45:19.036337,79
2026-01-25T05:59:14.522674,79
2026-01-25T06:46:02.756920,79
2026-01-25T07:02:47.107758,79
2026-01-25T07:34:42.835265,79
2026-01-25T07:52:31.625439,79
2026-01-25T08:31:37.967626,79
2026-01-26T04:05:34.602419,79
2026-01-26T05:49:36.285570,79
2026-01-26T07:17:41.040775,79
2026-01-26T07:49:08.876589,79
2026-01-26T09:05:44.290657,79
2026-01-26T09:50:10.851909,79
2026-01-26T10:31:13.765844,79
2026-01-26T11:00:14.063351,79
2026-01-26T11:30:49.773954,79
2026-01-26T11:47:14.003913,79
2026-01-26T12:55:03.515229,79
2026-01-26T13:48:10.364401,79
2026-01-26T14:31:48.862020,79
2026-01-26T16:38:17.899961,79
2026-01-26T17:15:51.564466,79
2026-01-26T17:48:58.006942,79
2026-01-26T18:40:30.805036,79
2026-01-26T19:05:55.515283,79
2026-01-26T19:36:12.534077,79
2026-01-26T19:55:34.071580,79
2026-01-26T20:31:32.704923,79
2026-01-26T20:59:25.697554,79
2026-01-26T21:33:58.742845,79
2026-01-26T21:56:50.804818,79
2026-01-26T22:28:33.504249,79
2026-01-26T22:51:16.684429,79
2026-01-26T23:26:59.533525,79
2026-01-26T23:47:28.080922,79
2026-01-27T02:03:08.600304,79
2026-01-27T03:55:47.882929,79
2026-01-27T04:51:02.212667,79
2026-01-27T05:30:14.237903,78
2026-01-27T05:53:51.886200,78
2026-01-27T06:40:15.415006,78
2026-01-27T07:05:52.704693,78
2026-01-27T07:43:05.267993,78
2026-01-27T08:42:46.431594,78
2026-01-27T09:17:46.601347,78
2026-01-27T09:56:35.497344,78
2026-01-27T10:33:28.188448,78
2026-01-27T11:01:55.992462,78
2026-01-27T11:36:41.843912,78
2026-01-27T11:56:53.186972,78
2026-01-27T13:02:01.968983,78
2026-01-27T13:58:18.466285,78
2026-01-27T14:38:43.950314,78
2026-01-27T15:05:57.450620,78
2026-01-27T15:46:13.835023,78
2026-01-27T16:02:11.306442,78
2026-01-27T16:50:44.902929,78
2026-01-27T17:31:38.939739,78
2026-01-27T18:00:23.404655,78
2026-01-27T18:54:57.236163,78
2026-01-27T19:30:04.925502,78
2026-01-27T19:51:13.597612,78
2026-01-27T20:27:52.676292,78
2026-01-27T20:50:11.792636,78
2026-01-27T21:21:32.761791,78
2026-01-27T21:44:59.111632,78
2026-01-27T21:57:09.374053,78
2026-01-27T22:27:58.251458,78
2026-01-27T22:49:51.461940,78
2026-01-27T23:26:38.100813,78
2026-01-27T23:46:39.813025,78
2026-01-28T01:59:20.236335,78
2026-01-28T03:51:48.099138,78
2026-01-28T04:47:59.541488,78
2026-01-28T05:31:44.652368,78
2026-01-28T05:58:57.839234,78
2026-01-28T06:51:18.456043,78
2026-01-28T07:30:07.433544,78
2026-01-28T07:51:06.695319,78
2026-01-28T08:37:20.977958,78
2026-01-28T09:06:57.660443,78
2026-01-28T09:50:06.742243,78
2026-01-28T10:33:14.715211,78
2026-01-28T11:02:52.080181,78
2026-01-28T11:37:02.874015,78
2026-01-28T11:56:19.109961,78
2026-01-28T12:57:39.466634,78
2026-01-28T13:53:40.126168,78
2026-01-28T14:35:08.028236,78
2026-01-28T15:05:24.181735,78
2026-01-28T15:52:14.205832,78
2026-01-28T16:42:13.417020,78
2026-01-28T17:21:22.123127,78
2026-01-28T17:58:14.448405,78
2026-01-28T18:48:07.901209,78
2026-01-28T19:32:30.163505,78
2026-01-28T19:59:02.350421,78
2026-01-28T20:43:01.357204,78
2026-01-28T21:05:37.952260,78
2026-01-28T21:46:49.602037,78
2026-01-28T22:31:23.124424,78
2026-01-28T22:58:32.385596,78
2026-01-28T23:35:12.152353,78
2026-01-28T23:59:05.459735,78
2026-01-29T02:46:05.496555,78
2026-01-29T04:21:54.331913,78
2026-01-29T05:30:05.060242,78
2026-01-29T06:08:38.337488,78
2026-01-29T07:08:51.284011,78
2026-01-29T07:56:37.765006,78
2026-01-29T08:44:43.047329,78
2026-01-29T09:28:17.791737,78
2026-01-29T10:08:26.483155,78
2026-01-29T11:00:08.055901,78
2026-01-29T11:40:58.787339,78
2026-01-29T12:02:00.514223,78
2026-01-29T13:34:28.702289,78
2026-01-29T14:27:14.110900,78
2026-01-29T15:07:24.183542,78
2026-01-29T15:55:04.847387,78
2026-01-29T16:48:41.442020,78
2026-01-29T17:40:39.515119,78
2026-01-29T18:24:00.150333,78
2026-01-29T19:10:35.901539,78
2026-01-29T19:46:13.795252,78
2026-01-29T20:03:11.825890,78
2026-01-29T20:49:14.639935,78
2026-01-29T21:31:38.807703,78
2026-01-29T22:00:56.909306,78
2026-01-29T22:40:21.149900,78
2026-01-29T23:02:34.529814,78
2026-01-29T23:43:26.164656,78
2026-01-29T23:59:53.520442,78
2026-01-30T02:47:42.255357,78
2026-01-30T04:43:27.620051,78
2026-01-30T05:37:09.107490,78
2026-01-30T06:30:18.310600,78
2026-01-30T07:26:33.438722,78
2026-01-30T08:00:53.101538,78
2026-01-30T08:55:02.191349,78
2026-01-30T09:41:41.417689,78
2026-01-30T10:18:18.888008,78
2026-01-30T11:03:18.274061,78
2026-01-30T11:44:06.829350,78
2026-01-30T12:01:21.053653,78
2026-01-30T13:31:05.636237,78
2026-01-30T14:09:49.866589,78
2026-01-30T14:56:34.003507,78
2026-01-30T15:39:54.907915,78
2026-01-30T16:06:25.599656,78
2026-01-30T17:00:18.721206,78
2026-01-30T17:45:11.616331,78
2026-01-30T18:22:16.990007,78
2026-01-30T19:09:29.890627,78
2026-01-30T19:47:56.496846,78
2026-01-30T20:34:46.789207,78
2026-01-30T21:03:04.585892,78
2026-01-30T21:42:50.451289,78
2026-01-30T21:57:40.520617,78
2026-01-30T22:33:59.029296,78
2026-01-30T23:01:43.789301,78
2026-01-30T23:41:47.756471,78
2026-01-30T23:59:20.104167,78
2026-01-31T02:42:16.234161,78
2026-01-31T04:19:27.441511,78
2026-01-31T05:23:50.668040,78
2026-01-31T06:00:59.925496,78
2026-01-31T06:55:07.723546,78
2026-01-31T07:32:04.574736,78
2026-01-31T07:57:22.407031,78
2026-01-31T08:38:55.123739,78
2026-01-31T09:02:34.007812,78
2026-01-31T09:44:19.955832,78
2026-01-31T09:59:48.809350,78
2026-01-31T10:37:01.626606,78
2026-01-31T10:59:43.286709,78
2026-01-31T11:30:14.827636,78
2026-01-31T11:47:50.343551,78
2026-01-31T12:54:27.143004,78
2026-01-31T13:43:28.810100,78
2026-01-31T14:03:14.429880,78
2026-01-31T14:44:19.044146,78
2026-01-31T15:00:51.879909,78
2026-01-31T15:34:56.046675,78
2026-01-31T15:57:49.046205,78
2026-01-31T16:38:50.645526,78
2026-01-31T17:02:08.448059,78
2026-01-31T17:42:16.696850,78
2026-01-31T17:58:26.181824,78
2026-01-31T18:46:21.984357,78
2026-01-31T19:04:40.319386,78
2026-01-31T19:33:58.442204,78
2026-01-31T19:53:40.844125,78
2026-01-31T20:29:34.518913,78
2026-01-31T20:52:12.906322,78
2026-01-31T21:25:10.552155,78
2026-01-31T21:46:20.594459,78
2026-01-31T22:26:52.334733,78
2026-01-31T22:50:39.476774,78
2026-01-31T23:26:17.681943,78
2026-01-31T23:47:15.116732,78
2026-02-01T02:39:03.361216,77
2026-02-01T04:53:41.789385,77
2026-02-01T06:00:52.645415,77
2026-02-01T07:03:28.246320,77
2026-02-01T07:50:41.522117,77
2026-02-01T08:36:47.895721,77
2026-02-01T09:04:39.581942,77
2026-02-01T09:46:17.810206,76
2026-02-01T10:29:54.986392,76
2026-02-01T10:56:08.718090,76
2026-02-01T11:25:01.712232,76
2026-02-01T11:46:21.891315,76
2026-02-01T12:56:01.056828,76
2026-02-01T13:46:32.316515,76
2026-02-01T14:29:49.344444,76
2026-02-01T14:55:22.726526,76
2026-02-01T15:28:55.783640,76
2026-02-01T15:51:59.359911,76
2026-02-01T16:33:47.500988,76
2026-02-01T17:02:25.524845,76
2026-02-01T17:44:07.527517,76
2026-02-01T18:00:27.991168,76
2026-02-01T18:51:34.447009,76
2026-02-01T19:27:17.923799,76
2026-02-01T19:47:31.088572,76
2026-02-01T20:31:08.984023,76
2026-02-01T20:59:21.371152,76
2026-02-01T21:33:35.782724,76
2026-02-01T21:56:35.260361,76
2026-02-01T22:29:46.089634,76
2026-02-01T22:55:10.887875,76
2026-02-01T23:28:49.044544,76
2026-02-01T23:51:40.493003,76
2026-02-02T02:29:35.254425,76
2026-02-02T04:37:18.493611,75
2026-02-02T05:51:57.982315,75
2026-02-02T07:06:26.433915,75
2026-02-02T07:58:10.590636,75
2026-02-02T08:56:53.543277,75
2026-02-02T09:57:46.032390,75
2026-02-02T10:54:24.029732,75
2026-02-02T11:38:01.188412,75
2026-02-02T12:02:26.046333,75
2026-02-02T13:36:33.189552,75
2026-02-02T14:27:47.584477,75
2026-02-02T15:10:35.473728,75
2026-02-02T15:52:54.439167,75
2026-02-02T16:44:23.933535,75
2026-02-02T18:06:22.066156,75
2026-02-02T23:08:45.611382,75
2026-02-02T23:36:33.331182,75
2026-02-03T00:00:59.779023,75
2026-02-03T02:54:01.778506,75
2026-02-03T04:49:10.348127,75
2026-02-03T05:53:14.591817,75
2026-02-03T06:56:33.847835,75
2026-02-03T07:46:13.782423,75
2026-02-03T08:41:26.552866,75
2026-02-03T09:24:26.493100,75
2026-02-03T10:07:08.527336,75
2026-02-03T11:02:21.633073,75
2026-02-03T11:51:36.396316,75
2026-02-03T13:07:10.465383,75
2026-02-03T14:11:30.781003,75
2026-02-03T15:05:06.909981,75
2026-02-03T16:06:43.602432,75
2026-02-03T17:13:46.003052,75
2026-02-03T18:09:32.543365,75
2026-02-03T19:14:38.531481,75
2026-02-03T19:55:27.124857,75
2026-02-03T20:41:11.948016,75
2026-02-03T21:19:39.545288,75
2026-02-03T21:59:18.353889,75
2026-02-03T22:41:09.062009,75
2026-02-03T23:04:05.982862,75
2026-02-03T23:44:25.843093,75
2026-02-04T00:00:51.211424,75
2026-02-04T02:49:10.219690,75
2026-02-04T04:42:33.117312,75
2026-02-04T05:37:36.651778,75
2026-02-04T06:32:59.328500,75
2026-02-04T07:34:09.666529,75
2026-02-04T08:23:03.472126,75
2026-02-04T09:08:39.826773,75
2026-02-04T10:03:24.597892,75
2026-02-04T11:02:32.969055,75
2026-02-04T11:48:38.900138,75
2026-02-04T13:05:46.314797,75
2026-02-04T14:09:51.712395,75
2026-02-04T15:02:11.109880,74
2026-02-04T16:01:40.765446,74
2026-02-04T17:08:33.047748,74
2026-02-04T18:04:20.544024,74
2026-02-04T19:09:42.229122,74
2026-02-04T19:52:37.681833,74
2026-02-04T20:38:20.580864,74
2026-02-04T21:17:52.709806,74
2026-02-04T21:54:42.363432,74
2026-02-04T22:31:59.569365,74
2026-02-04T23:00:32.272025,74
2026-02-04T23:38:22.955008,74
2026-02-05T00:00:31.331155,74
2026-02-05T02:50:52.901002,74
2026-02-05T04:50:34.581349,74
2026-02-05T05:58:10.552728,74
2026-02-05T07:10:31.384345,74
2026-02-05T07:58:10.212346,74
2026-02-05T08:57:22.075244,74
2026-02-05T09:54:12.200030,74
2026-02-05T10:44:01.478111,74
2026-02-05T11:24:27.679446,74
2026-02-05T11:57:55.467958,74
2026-02-05T13:20:08.908400,74
2026-02-05T14:27:22.043355,74
2026-02-05T15:12:03.436139,74
2026-02-05T15:59:34.328870,74
2026-02-05T17:02:14.226719,74
2026-02-05T18:05:03.359050,74
2026-02-05T19:08:00.017638,74
2026-02-05T19:51:28.854098,74
2026-02-05T20:37:39.101690,74
2026-02-05T21:06:22.633460,74
2026-02-05T21:46:30.324174,74
2026-02-05T22:30:58.302155,74
2026-02-05T22:59:02.229638,74
2026-02-05T23:33:59.189728,74
2026-02-05T23:58:30.311407,74
2026-02-06T04:49:35.925230,74
2026-02-06T05:56:04.713415,74
2026-02-06T06:59:32.990126,74
2026-02-06T07:52:23.883045,74
2026-02-06T08:47:37.829803,74
2026-02-06T09:47:22.045793,74
2026-02-06T10:43:03.275608,74
2026-02-06T11:22:40.209522,74
2026-02-06T11:56:11.734664,74
2026-02-06T13:06:33.635509,74
2026-02-06T14:09:06.421195,74
2026-02-06T15:01:45.199617,74
2026-02-06T15:58:33.831932,74
2026-02-06T16:58:35.687437,74
2026-02-06T17:50:55.711200,74
2026-02-06T18:55:53.399019,74
2026-02-06T19:39:37.265935,74
2026-02-06T20:02:47.920404,74
2026-02-06T20:51:17.692783,74
2026-02-06T21:34:34.801483,74
2026-02-06T21:58:14.172278,74
2026-02-06T22:35:18.512323,74
2026-02-06T23:00:19.742242,74
2026-02-06T23:36:32.969987,74
2026-02-06T23:59:31.403309,74
2026-02-07T02:45:53.309794,74
2026-02-07T04:22:34.305094,74
2026-02-07T05:28:18.188131,74
2026-02-07T06:05:00.733237,74
2026-02-07T07:03:21.997962,74
2026-02-07T07:46:46.688107,74
2026-02-07T08:36:02.287561,74
2026-02-07T09:04:12.882084,74
2026-02-07T09:46:39.908266,74
2026-02-07T10:30:19.804179,74
2026-02-07T10:56:43.183870,74
2026-02-07T11:27:07.940792,74
2026-02-07T11:47:38.509671,74
2026-02-07T12:55:14.160689,74
2026-02-07T13:46:41.324353,74
2026-02-07T14:29:49.183744,74
2026-02-07T14:55:26.221280,74
2026-02-07T15:28:46.726838,74
2026-02-07T15:51:25.646090,74
2026-02-07T16:34:40.251280,74
2026-02-07T17:03:43.384189,74
2026-02-07T17:44:39.365039,74
2026-02-07T18:01:04.009585,74
2026-02-07T18:52:01.740497,74
2026-02-07T19:27:06.154006,74
2026-02-07T19:46:56.563693,74
2026-02-07T20:31:34.362284,74
2026-02-07T21:01:28.351704,74
2026-02-07T21:43:32.840105,74
2026-02-07T22:00:30.270048,74
2026-02-07T22:39:21.131617,74
2026-02-07T23:03:15.845404,74
2026-02-07T23:48:26.203159,74
2026-02-08T02:45:35.437341,74
2026-02-08T04:55:20.059117,74
2026-02-08T06:01:22.332417,74
2026-02-08T07:08:42.070863,74
2026-02-08T07:51:12.886931,74
2026-02-08T08:37:24.688037,74
2026-02-08T09:04:49.077528,74
2026-02-08T09:46:01.824587,74
2026-02-08T10:01:48.370633,74
2026-02-08T10:49:04.241243,74
2026-02-08T11:26:26.657769,74
2026-02-08T11:47:48.985164,74
2026-02-08T12:56:36.006695,74
2026-02-08T13:49:58.751518,74
2026-02-08T14:31:44.152668,74
2026-02-08T15:01:35.950274,74
2026-02-08T15:43:34.817265,74
2026-02-08T16:01:37.575037,74
2026-02-08T16:51:01.486120,74
2026-02-08T17:29:48.112419,74
2026-02-08T17:56:10.312014,74
2026-02-08T18:41:02.619992,74
2026-02-08T19:14:13.389446,74
2026-02-08T19:41:15.341731,74
2026-02-08T19:56:25.792846,74
2026-02-08T20:33:27.862317,74
2026-02-08T21:01:56.660849,74
2026-02-08T21:43:57.175863,74
2026-02-08T22:00:57.324308,74
2026-02-08T22:40:38.169431,74
2026-02-08T23:04:15.646530,74
2026-02-08T23:47:39.317588,74
2026-02-09T02:31:02.183669,74
2026-02-09T04:39:21.466319,74
2026-02-09T05:58:30.956470,74
2026-02-09T07:18:15.330561,74
2026-02-09T08:07:34.973422,74
2026-02-09T09:11:46.634146,74
2026-02-09T10:17:43.852510,74
2026-02-09T11:27:02.333260,74
2026-02-09T12:05:00.211917,74
2026-02-09T13:49:42.412489,74
2026-02-09T14:56:05.309061,74
2026-02-09T15:59:56.677159,74
2026-02-09T18:05:19.776515,74
2026-02-09T19:41:46.609369,74
2026-02-09T20:22:55.421000,74
2026-02-09T21:07:24.856434,74
2026-02-09T21:57:34.574652,74
2026-02-09T22:44:00.214894,74
2026-02-09T23:23:35.288071,74
2026-02-10T00:02:26.610051,74
2026-02-10T03:30:35.927596,74
2026-02-10T05:20:20.934392,74
2026-02-10T06:44:11.375772,74
2026-02-10T07:46:58.698765,74
2026-02-10T08:59:58.041157,74
2026-02-10T10:07:38.158116,74
2026-02-10T11:13:37.686496,74
2026-02-10T12:01:55.607789,74
2026-02-10T13:54:58.778439,74
2026-02-10T15:01:44.351953,74
2026-02-10T16:18:06.081844,74
2026-02-10T17:35:40.165373,74
2026-02-10T18:43:04.485058,74
2026-02-10T19:48:25.952894,74
2026-02-10T20:48:02.422551,74
2026-02-10T21:44:19.523530,74
2026-02-10T22:26:01.180413,74
2026-02-10T23:09:33.734857,74
2026-02-10T23:55:23.329450,74
2026-02-11T02:36:08.600315,74
2026-02-11T04:54:43.834972,74
2026-02-11T06:10:00.496061,74
2026-02-11T07:19:48.326071,74
2026-02-11T08:06:56.993286,74
2026-02-11T09:09:00.625015,74
2026-02-11T10:11:44.240466,74
2026-02-11T11:11:54.452429,74
2026-02-11T11:59:32.463999,74
2026-02-11T13:42:21.301592,74
2026-02-11T14:42:23.554581,74
2026-02-11T15:42:01.347782,74
2026-02-11T16:44:56.194623,74
2026-02-11T17:44:06.869366,74
2026-02-11T18:42:14.970648,74
2026-02-11T19:44:09.565931,74
2026-02-11T20:23:16.991314,74
2026-02-11T21:05:51.971379,74
2026-02-11T21:51:01.011278,74
2026-02-11T22:32:58.402464,74
2026-02-11T23:05:50.138661,74
2026-02-11T23:48:06.115786,74
2026-02-12T02:31:02.246571,74
2026-02-12T04:37:24.824372,72
2026-02-12T05:52:13.511821,72
2026-02-12T07:05:14.024941,72
2026-02-12T08:00:06.151110,72
2026-02-12T09:00:56.635164,72
2026-02-12T10:02:46.156371,72
2026-02-12T11:08:54.496545,72
2026-02-12T11:57:27.759478,72
2026-02-12T13:23:42.419666,72
2026-02-12T14:32:40.709928,72
2026-02-12T15:36:38.442652,72
2026-02-12T16:41:36.369425,72
2026-02-12T17:45:58.175319,72
2026-02-12T18:41:12.542343,72
2026-02-12T19:41:03.008904,72
2026-02-12T20:04:30.413289,72
2026-02-12T20:52:29.614065,72
2026-02-12T21:37:28.555877,72
2026-02-12T22:03:47.515044,72
2026-02-12T22:50:30.072998,72
2026-02-12T23:33:03.860320,72
2026-02-13T00:02:17.069326,72
2026-02-13T03:23:30.715145,72
2026-02-13T05:09:49.152117,72
2026-02-13T06:14:25.596329,72
2026-02-13T07:18:17.272897,72
2026-02-13T08:04:47.405145,72
2026-02-13T09:03:41.743893,72
2026-02-13T10:03:10.483608,72
2026-02-13T11:03:23.935923,72
2026-02-13T11:48:23.582647,72
2026-02-13T13:06:30.423329,72
2026-02-13T14:09:47.139617,72
2026-02-13T15:02:24.144947,72
2026-02-13T16:01:15.501365,72
2026-02-13T17:07:53.408100,72
2026-02-13T17:57:49.748313,72
2026-02-13T19:01:41.188062,72
2026-02-13T19:54:19.282035,72
2026-02-13T20:41:55.528344,72
2026-02-13T21:21:26.219507,72
2026-02-13T22:00:55.743167,72
2026-02-13T22:46:26.548652,72
2026-02-13T23:34:31.221442,72
2026-02-14T00:00:47.447341,72
2026-02-14T02:48:24.669873,72
2026-02-14T04:43:34.820078,72
2026-02-14T05:35:54.882300,72
2026-02-14T06:26:39.516268,72
2026-02-14T07:11:35.090237,72
2026-02-14T07:49:07.045644,72
2026-02-14T09:04:35.548747,72
2026-02-14T09:47:32.586692,72
2026-02-14T10:30:50.326939,72
2026-02-14T10:57:00.848510,72
2026-02-14T11:27:58.480368,72
2026-02-14T11:48:17.905525,72
2026-02-14T12:55:13.591157,72
2026-02-14T13:47:58.513039,72
2026-02-14T14:30:19.100933,72
2026-02-14T14:56:29.224893,72
2026-02-14T15:30:31.450159,72
2026-02-14T15:52:48.713811,72
2026-02-14T16:34:41.317487,72
2026-02-14T17:03:37.080240,72
2026-02-14T17:44:13.661479,72
2026-02-14T17:59:59.223799,72
2026-02-14T18:50:33.475931,72
2026-02-14T19:27:14.717505,72
2026-02-14T19:47:30.015766,72
2026-02-14T20:30:33.584761,72
2026-02-14T20:54:46.892274,72
2026-02-14T21:28:01.842765,72
2026-02-14T21:50:14.248470,72
2026-02-14T22:28:08.818268,72
2026-02-14T22:53:44.521112,72
2026-02-14T23:28:37.001473,72
2026-02-14T23:51:11.111971,72
2026-02-15T02:32:36.145060,72
2026-02-15T04:46:41.922927,71
2026-02-15T05:58:41.709848,71
2026-02-15T07:02:02.631945,71
2026-02-15T07:50:55.521132,71
2026-02-15T08:37:37.418139,71
2026-02-15T09:04:56.867195,71
2026-02-15T09:48:05.779505,71
2026-02-15T10:30:37.056830,71
2026-02-15T10:56:53.087702,71
2026-02-15T11:28:10.326503,71
2026-02-15T11:49:17.716899,71
2026-02-15T12:56:54.261896,71
2026-02-15T13:49:52.182177,71
2026-02-15T14:31:03.541099,71
2026-02-15T14:57:52.900215,71
2026-02-15T15:33:37.162129,71
2026-02-15T15:59:10.376673,71
2026-02-15T16:42:57.752677,71
2026-02-15T17:04:19.254379,71
2026-02-15T17:44:05.005602,71
2026-02-15T18:00:52.047910,71
2026-02-15T18:52:20.258402,71
2026-02-15T19:28:41.916006,71
2026-02-15T19:48:59.714315,71
2026-02-15T20:31:09.074412,71
2026-02-15T21:00:40.174695,71
2026-02-15T21:35:39.876863,71
2026-02-15T21:58:05.921355,71
2026-02-15T22:35:01.865365,71
2026-02-15T23:00:49.716891,71
2026-02-15T23:37:42.483160,71
2026-02-16T00:00:19.869194,71
2026-02-16T02:56:39.979991,71
2026-02-16T05:03:28.867374,71
2026-02-16T06:16:07.090901,71
2026-02-16T07:33:36.143747,71
2026-02-16T08:28:56.591116,71
2026-02-16T09:32:26.902239,71
2026-02-16T10:34:48.498450,71
2026-02-16T11:28:19.449610,71
2026-02-16T12:02:19.726353,71
2026-02-16T13:40:13.809760,71
2026-02-16T14:30:20.448285,71
2026-02-16T15:22:43.016893,71
2026-02-16T16:07:15.076088,71
2026-02-16T17:04:05.022775,71
2026-02-16T17:56:29.776873,71
2026-02-16T18:51:08.466179,71
2026-02-16T19:34:09.120762,71
2026-02-16T20:00:28.896169,71
2026-02-16T20:43:32.698847,71
2026-02-16T21:04:19.579879,71
2026-02-16T21:45:45.785100,71
2026-02-16T22:02:57.405747,71
2026-02-16T22:50:08.593218,71
2026-02-16T23:32:42.665435,71
2026-02-17T00:01:06.202408,71
2026-02-17T02:54:04.442129,71
2026-02-17T04:55:20.543869,71
2026-02-17T05:59:33.390179,71
2026-02-17T07:11:46.026068,71
2026-02-17T07:59:53.134845,71
2026-02-17T08:59:22.881363,71
2026-02-17T10:00:27.628638,71
2026-02-17T10:58:48.519953,71
2026-02-17T11:46:36.425876,71
2026-02-17T13:09:35.028403,71
2026-02-17T14:13:52.689815,71
2026-02-17T15:08:43.689287,71
2026-02-17T16:10:13.538207,71
2026-02-17T17:17:26.291451,71
2026-02-17T18:12:41.055471,71
2026-02-17T19:16:55.304013,71
2026-02-17T20:00:42.566872,71
2026-02-17T20:51:52.312530,71
2026-02-17T21:39:21.835551,71
2026-02-17T22:02:44.837065,71
2026-02-17T22:52:20.561214,71
2026-02-17T23:32:28.702193,71
2026-02-18T00:01:50.783269,71
2026-02-18T05:12:04.325353,71
2026-02-18T06:16:18.618614,71
2026-02-18T07:33:45.993287,71
2026-02-18T08:28:03.356522,71
2026-02-18T09:26:20.428950,71
2026-02-18T10:12:21.844602,71
2026-02-18T11:08:33.774542,71
2026-02-18T11:56:12.452567,71
2026-02-18T13:11:41.790967,71
2026-02-18T15:07:49.764718,71
2026-02-18T16:10:10.644700,71
2026-02-18T17:22:48.504183,71
2026-02-18T18:08:35.767348,71
2026-02-18T19:16:21.733692,71
2026-02-18T20:04:07.118295,71
2026-02-18T20:58:27.186551,71
2026-02-18T21:42:35.778350,71
2026-02-18T22:17:44.239806,71
2026-02-18T23:01:17.891330,71
2026-02-18T23:47:02.190698,71
2026-02-19T02:28:13.458097,71
2026-02-19T04:32:25.385222,71
2026-02-19T05:47:25.355225,71
2026-02-19T07:04:01.343203,71
2026-02-19T07:57:55.241186,71
2026-02-19T08:56:31.216011,71
2026-02-19T09:53:17.128734,71
2026-02-19T10:47:19.007299,71
2026-02-19T11:40:15.178654,71
2026-02-19T12:05:55.583219,71
2026-02-19T14:37:42.174655,71
2026-02-19T15:36:49.119726,71
2026-02-19T16:35:09.671782,71
2026-02-19T17:37:54.228071,71
2026-02-19T18:34:56.968649,71
2026-02-19T19:30:30.741764,71
2026-02-19T20:01:25.071998,71
2026-02-19T20:50:54.793716,71
2026-02-19T21:36:07.371788,71
2026-02-19T22:03:36.233308,71
2026-02-19T22:52:11.513229,71
2026-02-19T23:33:27.644800,71
2026-02-20T00:00:56.276460,71
2026-02-20T02:50:43.608510,71
2026-02-20T04:49:11.901218,71
2026-02-20T05:56:18.340849,71
2026-02-20T07:01:51.014058,
2026-02-20T07:57:05.167220,71
2026-02-20T08:50:46.605211,71
2026-02-20T09:44:34.150446,71
2026-02-20T10:22:48.524764,71
2026-02-20T11:06:01.807229,71
2026-02-20T11:47:20.264159,71
2026-02-20T13:04:40.873378,71
2026-02-20T15:01:43.346432,71
2026-02-20T15:54:41.168099,71
2026-02-20T17:26:01.681894,71
2026-02-20T19:07:29.549683,71
2026-02-20T19:49:21.345214,71
2026-02-20T20:36:44.193315,71
2026-02-20T21:00:57.779446,71
2026-02-20T21:36:06.410332,71
2026-02-20T21:58:11.129896,71
2026-02-20T22:36:38.088085,71
2026-02-20T23:03:20.341377,71
2026-02-21T00:01:42.113082,71
2026-02-21T02:49:09.715238,71
2026-02-21T04:28:20.918933,71
2026-02-21T05:29:26.060668,71
2026-02-21T06:05:04.164741,71
2026-02-21T07:02:44.969481,71
2026-02-21T07:46:15.893478,71
2026-02-21T08:35:26.473975,71
2026-02-21T09:46:02.158453,71
2026-02-21T10:01:16.587706,71
2026-02-21T10:46:58.782014,71
2026-02-21T11:25:35.660754,71
2026-02-21T11:46:13.741146,71
2026-02-21T12:54:06.719704,71
2026-02-21T13:44:28.829242,71
2026-02-21T14:04:01.653069,71
2026-02-21T14:45:56.062392,71
2026-02-21T15:02:57.503619,71
2026-02-21T15:42:19.733237,71
2026-02-21T16:00:12.620458,71
2026-02-21T16:42:07.831917,71
2026-02-21T17:03:13.109840,71
2026-02-21T17:43:29.659885,71
2026-02-21T18:00:14.185930,71
2026-02-21T18:51:08.958167,71
2026-02-21T19:26:56.455622,71
2026-02-21T19:47:44.682683,71
2026-02-21T20:28:53.487573,71
2026-02-21T20:51:53.686072,71
2026-02-21T21:27:34.166781,71
2026-02-21T21:49:33.097677,71
2026-02-21T22:28:16.121948,71
2026-02-21T22:53:50.682857,71
2026-02-21T23:28:24.625961,71
2026-02-21T23:50:01.534180,71
2026-02-22T04:30:56.150159,71
2026-02-22T05:38:29.326442,71
2026-02-22T06:30:14.434341,71
2026-02-22T07:24:01.451034,71
2026-02-22T08:36:38.838506,71
2026-02-22T09:04:09.361772,71
2026-02-22T09:47:12.195507,71
2026-02-22T10:29:29.380732,71
2026-02-22T10:55:06.020194,71
2026-02-22T11:24:41.879928,71
2026-02-22T11:46:22.048752,71
2026-02-22T12:55:54.011251,71
2026-02-22T13:46:47.717274,71
2026-02-22T14:29:30.290833,71
2026-02-22T14:55:45.314848,71
2026-02-22T15:28:35.572897,71
2026-02-22T15:51:35.563190,71
2026-02-22T16:34:38.825055,71
2026-02-22T17:03:22.218274,71
2026-02-22T17:44:11.379019,71
2026-02-22T18:00:54.436299,71
2026-02-22T18:52:01.280553,71
2026-02-22T19:28:00.338600,71
2026-02-22T19:48:37.805603,71
2026-02-22T20:30:56.921419,71
2026-02-22T20:55:19.977535,71
2026-02-22T21:28:18.572235,71
2026-02-22T21:50:49.805196,71
2026-02-22T22:28:11.321899,71
2026-02-22T22:54:35.737787,71
2026-02-22T23:29:51.415384,71
2026-02-22T23:53:09.522831,71
2026-02-23T02:28:50.328698,71
2026-02-23T04:37:31.728150,71
2026-02-23T05:55:30.051031,71
2026-02-23T07:08:12.309833,71
2026-02-23T08:03:27.319213,71
2026-02-23T09:08:21.865922,71
2026-02-23T10:13:29.112369,71
2026-02-23T11:10:38.662494,
2026-02-23T11:55:30.760666,71
2026-02-23T13:11:22.685448,71
2026-02-23T14:14:46.860941,71
2026-02-23T15:09:47.220113,71
2026-02-23T17:20:32.948968,71
2026-02-23T18:35:35.516396,71
2026-02-23T19:46:20.142638,71
2026-02-23T20:28:57.598298,71
2026-02-23T21:24:37.334381,71
2026-02-23T22:12:58.581859,71
2026-02-23T23:03:50.806709,71
2026-02-23T23:47:59.650131,71
2026-02-24T02:25:38.822053,71
2026-02-24T04:30:51.443250,70
2026-02-24T05:44:53.180730,70
2026-02-24T06:42:20.132403,70
2026-02-24T07:40:23.784098,70
2026-02-24T08:29:44.938154,70
2026-02-24T09:31:51.590960,70
2026-02-24T10:33:14.598522,70
2026-02-24T11:28:07.296099,70
2026-02-24T12:04:23.175420,70
2026-02-24T13:45:05.719633,70
2026-02-24T14:41:36.680708,70
2026-02-24T15:41:00.366573,70
2026-02-24T16:47:26.429116,70
2026-02-24T17:57:36.579747,70
2026-02-24T19:11:52.760183,70
2026-02-24T19:53:58.732590,70
2026-02-24T21:20:08.889648,70
2026-02-24T22:00:12.727046,70
2026-02-24T22:45:48.612221,70
2026-02-24T23:17:27.510757,70
2026-02-24T23:57:15.456253,70
2026-02-25T02:40:02.574544,70
2026-02-25T04:33:54.987980,70
2026-02-25T05:49:14.755896,70
2026-02-25T07:05:40.357755,70
2026-02-25T08:01:49.069264,70
2026-02-25T11:11:25.622019,70
2026-02-25T11:54:47.732188,70
2026-02-25T13:11:32.648408,70
2026-02-25T14:16:13.538116,70
2026-02-25T15:33:37.963399,70
2026-02-25T16:49:59.586660,70
2026-02-25T18:00:33.906909,70
2026-02-25T19:18:01.781207,70
2026-02-25T19:59:44.691196,70
2026-02-25T20:48:29.994435,70
2026-02-25T21:38:03.829867,70
2026-02-25T22:03:06.557402,70
2026-02-25T22:53:26.708418,70
2026-02-25T23:31:16.321742,70
2026-02-26T00:00:56.267055,70
2026-02-26T02:50:59.955106,70
2026-02-26T04:52:58.014241,70
2026-02-26T06:00:03.005930,70
2026-02-26T07:13:08.071867,70
2026-02-26T08:01:27.991713,70
2026-02-26T09:06:45.072091,70
2026-02-26T10:07:56.451915,70
2026-02-26T11:08:06.844227,70
2026-02-26T11:56:13.385712,70
2026-02-26T13:13:12.980862,70
2026-02-26T14:16:30.247379,70
2026-02-26T15:13:45.343434,70
2026-02-26T16:10:44.013359,70
2026-02-26T17:19:34.884968,70
2026-02-26T18:09:57.127080,70
2026-02-26T19:11:05.614062,70
2026-02-26T19:55:43.804372,70
2026-02-26T20:41:17.227190,70
2026-02-26T21:20:08.339116,70
2026-02-26T21:55:57.724242,70
2026-02-26T22:37:17.883077,70
2026-02-26T23:06:10.803504,70
2026-02-26T23:46:53.040279,70
2026-02-27T02:22:05.444354,70
2026-02-27T04:26:20.365047,70
2026-02-27T05:37:05.003002,70
2026-02-27T06:35:09.774814,70
2026-02-27T07:36:14.518717,70
2026-02-27T08:25:11.257182,70
2026-02-27T09:08:53.337293,70
2026-02-27T10:01:03.146494,70
2026-02-27T10:53:55.049312,70
2026-02-27T11:35:34.122441,70
2026-02-27T12:02:32.448073,70
2026-02-27T13:33:55.957298,70
2026-02-27T14:27:21.486270,70
2026-02-27T15:09:03.875209,70
2026-02-27T15:57:02.886973,70
2026-02-27T16:46:31.562922,70
2026-02-27T17:23:26.763860,70
2026-02-27T18:02:45.481545,70
2026-02-27T19:04:50.195022,70
2026-02-27T19:49:05.578729,70
2026-02-27T20:32:24.334169,70
2026-02-27T21:02:44.586619,70
2026-02-27T21:45:29.098293,70
2026-02-27T22:01:17.455122,70
2026-02-27T22:37:01.610681,70
2026-02-27T23:00:30.859564,70
2026-02-27T23:35:52.431805,70
2026-02-27T23:58:25.860892,70
2026-02-28T02:31:29.979841,70
2026-02-28T04:08:52.793172,70
2026-02-28T05:05:52.429466,70
2026-02-28T05:51:04.741963,
2026-02-28T06:43:16.125198,70
2026-02-28T07:16:43.433429,70
2026-02-28T07:48:30.492304,70
2026-02-28T08:34:09.748989,70
2026-02-28T09:01:24.280697,70
2026-02-28T09:37:49.168392,70
2026-02-28T09:57:23.079052,70
2026-02-28T10:29:51.117662,70
2026-02-28T10:51:42.316797,70
2026-02-28T11:22:52.796950,70
2026-02-28T11:43:51.107125,70
2026-02-28T11:55:56.319827,70
2026-02-28T12:52:34.136892,70
2026-02-28T13:59:47.199740,70
2026-02-28T14:33:20.006752,70
2026-02-28T14:57:20.146978,70
2026-02-28T15:28:28.897526,70
2026-02-28T15:47:40.112148,70
2026-02-28T16:30:48.559701,70
2026-02-28T16:53:28.388822,70
2026-02-28T17:23:55.753628,70
2026-02-28T17:46:30.459644,70
2026-02-28T17:58:45.056734,70
2026-02-28T18:46:24.731659,70
2026-02-28T19:03:54.268285,70
2026-02-28T19:33:36.341656,70
2026-02-28T19:54:17.885918,70
2026-02-28T20:29:54.910516,70
2026-02-28T20:51:46.942800,70
2026-02-28T21:25:40.647184,70
2026-02-28T21:45:38.678584,70
2026-02-28T21:57:51.529504,70
2026-02-28T22:30:04.031073,70
2026-02-28T22:51:44.368712,70
2026-02-28T23:25:56.653008,70
2026-02-28T23:46:15.397741,70
2026-02-28T23:58:44.633345,70
2026-03-01T03:19:20.938569,70
2026-03-01T05:08:41.695353,70
2026-03-01T06:05:30.549003,70
2026-03-01T07:05:36.935518,70
2026-03-01T07:48:25.554984,70
2026-03-01T08:35:57.370373,70
2026-03-01T09:02:57.152211,70
2026-03-01T09:45:42.856234,70
2026-03-01T10:01:04.141138,70
2026-03-01T10:38:14.402899,70
2026-03-01T10:59:16.153328,70
2026-03-01T11:30:11.330262,70
2026-03-01T11:47:45.202430,70
2026-03-01T12:55:19.375332,70
2026-03-01T13:41:32.669940,70
2026-03-01T14:01:17.749048,70
2026-03-01T14:36:09.799917,70
2026-03-01T14:58:33.036630,70
2026-03-01T15:32:47.660579,70
2026-03-01T15:56:53.129464,70
2026-03-01T16:33:46.487809,70
2026-03-01T17:00:54.575220,70
2026-03-01T17:33:53.251395,70
2026-03-01T17:56:52.274303,70
2026-03-01T18:39:29.655900,70
2026-03-01T19:35:26.628727,70
2026-03-01T19:55:57.389435,70
2026-03-01T20:31:36.723910,70
2026-03-01T20:54:57.101463,70
2026-03-01T21:27:34.069255,70
2026-03-01T21:48:01.232420,70
2026-03-01T22:28:25.876953,70
2026-03-01T22:52:39.726560,70
2026-03-01T23:28:20.196336,70
2026-03-01T23:50:11.704339,70
2026-03-02T02:24:53.109451,70
2026-03-02T04:27:26.321913,70
2026-03-02T05:37:01.662648,70
2026-03-02T06:38:50.959074,70
2026-03-02T07:39:47.240148,70
2026-03-02T08:27:28.328768,70
2026-03-02T09:11:05.165546,70
2026-03-02T10:07:51.572714,70
2026-03-02T11:04:22.947464,70
2026-03-02T11:47:51.239047,70
2026-03-02T13:05:24.804248,70
2026-03-02T14:09:11.606019,70
2026-03-02T15:01:54.844291,70
2026-03-02T15:57:37.222595,70
2026-03-02T16:58:02.852097,70
2026-03-02T17:53:00.252058,70
2026-03-02T18:54:04.082234,70
2026-03-02T19:39:05.206093,70
2026-03-02T20:04:35.074581,70
2026-03-02T20:52:59.926374,70
2026-03-02T21:37:35.929257,70
2026-03-02T22:03:40.483912,70
2026-03-02T22:48:55.520163,70
2026-03-02T23:29:59.252716,70
2026-03-02T23:54:12.782555,70
2026-03-03T02:27:46.685814,70
2026-03-03T04:27:41.009496,70
2026-03-03T05:35:14.639412,70
2026-03-03T06:32:42.976594,70
2026-03-03T07:31:42.712556,70
2026-03-03T08:22:48.491829,70
2026-03-03T09:08:32.028297,70
2026-03-03T10:01:35.241694,70
2026-03-03T11:01:03.494374,70
2026-03-03T11:42:32.010153,70
2026-03-03T12:02:39.397190,70
2026-03-03T15:29:52.734554,70
2026-03-03T20:36:17.196167,70
2026-03-03T21:04:56.467421,70
2026-03-03T21:49:01.075652,70
2026-03-03T22:33:24.940611,70
2026-03-03T22:59:47.460133,70
2026-03-03T23:37:21.402377,70
2026-03-04T02:46:46.675790,70
2026-03-04T04:42:54.643400,70
2026-03-04T05:35:06.691696,70
2026-03-04T06:28:57.224600,70
2026-03-04T07:24:44.562362,70
2026-03-04T07:59:16.202573,70
2026-03-04T08:53:37.713211,69
2026-03-04T09:43:36.848126,69
2026-03-04T10:22:07.805107,69
2026-03-04T11:04:00.548833,69
2026-03-04T11:46:29.056400,69
2026-03-04T13:02:52.195991,69
2026-03-04T14:04:47.605590,69
2026-03-04T14:59:02.734385,69
2026-03-04T15:54:19.619081,69
2026-03-04T16:51:41.665634,69
2026-03-04T17:41:17.877876,69
2026-03-04T18:27:08.114061,69
2026-03-04T19:22:09.488591,69
2026-03-04T19:57:56.324514,69
2026-03-04T20:40:25.256767,69
2026-03-04T21:05:06.816999,69
2026-03-04T21:50:15.072344,69
2026-03-04T22:35:20.343816,69
2026-03-04T23:04:31.040334,69
2026-03-04T23:45:42.635158,69
2026-03-05T00:02:28.222968,69
2026-03-05T03:10:07.806933,69
2026-03-05T04:56:43.711641,69
2026-03-05T05:52:10.965262,69
2026-03-05T06:56:51.115416,69
2026-03-05T07:45:36.326461,69
2026-03-05T08:24:25.091317,69
2026-03-05T09:08:33.509321,69
2026-03-05T10:02:48.567829,69
2026-03-05T11:02:22.774843,69
2026-03-05T11:49:39.327513,69
2026-03-05T13:06:32.461942,69
2026-03-05T14:07:46.850646,69
2026-03-05T15:07:16.013965,69
2026-03-05T16:05:22.710257,69
2026-03-05T18:22:47.833065,69
2026-03-05T19:43:38.013396,69
2026-03-05T20:24:34.322882,69
2026-03-05T21:02:47.492400,69
2026-03-05T21:51:47.947551,69
2026-03-05T22:35:21.600227,69
2026-03-05T23:41:51.148927,69
2026-03-06T01:00:37.742562,69
2026-03-06T03:32:38.198928,69
2026-03-06T05:03:15.514843,69
2026-03-06T06:00:37.473455,69
2026-03-06T07:04:11.314017,69
2026-03-06T07:53:15.962822,69
2026-03-06T09:23:23.545781,69
2026-03-06T10:03:39.459720,69
2026-03-06T10:56:55.631623,69
2026-03-06T12:00:14.068320,69
2026-03-06T13:17:42.165535,69
2026-03-06T14:07:05.812496,69
2026-03-06T14:58:15.447109,69
2026-03-06T15:49:09.717848,69
2026-03-06T16:45:13.731768,69
2026-03-06T17:24:06.347010,69
2026-03-06T18:00:36.791914,69
2026-03-06T19:00:20.961667,69
2026-03-06T19:41:00.443636,69
2026-03-06T20:01:37.960893,69
2026-03-06T20:49:15.846600,69
2026-03-06T21:33:07.645075,69
2026-03-06T21:59:59.785587,69
2026-03-06T22:40:26.013261,69
2026-03-06T23:02:46.619284,69
2026-03-06T23:43:14.831428,69
2026-03-07T00:00:31.354033,69
2026-03-07T02:41:02.468934,69
2026-03-07T04:14:41.062900,69
2026-03-07T05:10:28.878570,69
2026-03-07T05:53:17.830769,69
2026-03-07T06:45:36.729885,69
2026-03-07T07:18:50.778604,69
2026-03-07T07:49:52.405912,69
2026-03-07T08:35:33.229773,69
2026-03-07T09:02:27.140718,69
2026-03-07T09:44:44.275579,69
2026-03-07T09:59:27.857719,69
2026-03-07T10:35:11.970165,69
2026-03-07T10:57:53.762634,69
2026-03-07T11:27:58.694585,69
2026-03-07T11:46:29.340725,69
2026-03-07T12:53:18.494035,69
2026-03-07T13:40:45.336525,69
2026-03-07T14:00:46.275405,
2026-03-07T14:35:33.119900,69
2026-03-07T14:57:55.169694,69
2026-03-07T15:31:56.840332,69
2026-03-07T15:56:50.811337,69
2026-03-07T16:34:18.466046,69
2026-03-07T16:59:20.913257,69
2026-03-07T17:31:31.502465,69
2026-03-07T17:56:03.893673,69
2026-03-07T18:38:17.133991,69
2026-03-07T19:02:50.281464,69
2026-03-07T19:34:56.155412,69
2026-03-07T19:54:34.995603,69
2026-03-07T20:29:38.540916,69
2026-03-07T20:52:16.599617,69
2026-03-07T21:24:59.332474,69
2026-03-07T21:45:15.970315,69
2026-03-07T21:57:59.688689,69
